-- phpMyAdmin SQL Dump
-- version 5.2.1
-- https://www.phpmyadmin.net/
--
-- Máy chủ: 127.0.0.1
-- Thời gian đã tạo: Th4 10, 2024 lúc 07:35 AM
-- Phiên bản máy phục vụ: 10.4.32-MariaDB
-- Phiên bản PHP: 8.2.12

SET SQL_MODE = "NO_AUTO_VALUE_ON_ZERO";
START TRANSACTION;
SET time_zone = "+00:00";


/*!40101 SET @OLD_CHARACTER_SET_CLIENT=@@CHARACTER_SET_CLIENT */;
/*!40101 SET @OLD_CHARACTER_SET_RESULTS=@@CHARACTER_SET_RESULTS */;
/*!40101 SET @OLD_COLLATION_CONNECTION=@@COLLATION_CONNECTION */;
/*!40101 SET NAMES utf8mb4 */;

--
-- Cơ sở dữ liệu: `ntpsh`
--

-- --------------------------------------------------------

--
-- Cấu trúc bảng cho bảng `account`
--

CREATE TABLE `account` (
  `account_id` int(11) NOT NULL,
  `account_type` varchar(15) NOT NULL,
  `account_sign_up_name` varchar(500) NOT NULL,
  `account_name` varchar(100) NOT NULL,
  `account_avatar` varchar(100) DEFAULT NULL,
  `account_hash_password` varchar(255) DEFAULT NULL,
  `created_on_date` date NOT NULL
) ENGINE=InnoDB DEFAULT CHARSET=utf8 COLLATE=utf8_unicode_ci;

--
-- Đang đổ dữ liệu cho bảng `account`
--

INSERT INTO `account` (`account_id`, `account_type`, `account_sign_up_name`, `account_name`, `account_avatar`, `account_hash_password`, `created_on_date`) VALUES
(1, 'Quản lý', 'adminKLHTTNTP', 'Khu liên hợp thể thao NTP', '/upload/account-management/avatar-1.png', '2cde5d3e5b1eaec32b5ebd9e17d4776b', '2024-02-18'),
(2, 'Khách hàng', 'myduyennguyen2212', 'Nguyễn Hoàng Mỹ Duyên', '/upload/account-management/avatar-2.png', '87e0ec8d8926c7a824649009ecafbd48', '2024-02-18'),
(3, 'Khách hàng', 'duyentran0611', 'Duyên Trần', '/upload/account-management/avatar-3.png', '732382edd12d1cadbab1f69cf94d81cf', '2024-02-18'),
(4, 'Khách hàng', 'haotruong2805', 'Gia Hào', '/upload/account-management/avatar-4.png', 'ce80c1bd04b69af85225fb8e3febe7fb', '2024-02-18'),
(5, 'Khách hàng', 'ngochoangharry15', 'Ngọc Hoàng Nguyễn', '/upload/account-management/avatar-5.png', 'bb0f011a356033662833579fb7a589f5', '2024-02-18'),
(6, 'Khách hàng', 'ngocpham0310', 'Phạm Thị Hồng Ngọc', '/upload/account-management/avatar-6.png', 'd9ee29c7e0e63450e2e0f5ad011f47d4', '2024-02-18'),
(7, 'Khách hàng', 'phattran1806', 'Ngọc Phát', '/upload/account-management/avatar-7.png', '7fb37b895bba6ab3f836590ec2e6be03', '2024-02-18'),
(8, 'Khách hàng', 'thuyle0211', 'Thùy Lê', '/upload/account-management/avatar-8.png', 'd9512d59a73665fab74582a0a6ecdf88', '2024-02-18'),
(9, 'Khách hàng', 'tientruongminh', 'Tiến Trương Minh', '/upload/account-management/avatar-9.png', '895edaf08726de85bc9f1fc6acf32401', '2024-02-18');

-- --------------------------------------------------------

--
-- Cấu trúc bảng cho bảng `cart`
--

CREATE TABLE `cart` (
  `cart_id` int(11) NOT NULL,
  `event_id` int(11) DEFAULT NULL,
  `cart_service_amount` float(10,0) DEFAULT 0,
  `cart_rental_amount` float(10,0) DEFAULT 0,
  `cart_discount_amount` float(10,0) DEFAULT 0,
  `cart_total_payment` float(10,0) DEFAULT 0,
  `cart_total_deposit` float(10,0) DEFAULT 0,
  `account_id` int(11) NOT NULL
) ENGINE=InnoDB DEFAULT CHARSET=utf8 COLLATE=utf8_unicode_ci;

--
-- Đang đổ dữ liệu cho bảng `cart`
--

INSERT INTO `cart` (`cart_id`, `event_id`, `cart_service_amount`, `cart_rental_amount`, `cart_discount_amount`, `cart_total_payment`, `cart_total_deposit`, `account_id`) VALUES
(1, NULL, 0, 0, 0, 0, 0, 2),
(2, NULL, 0, 0, 0, 0, 0, 3),
(3, NULL, 0, 0, 0, 0, 0, 4),
(4, NULL, 0, 0, 0, 0, 0, 5),
(5, NULL, 0, 0, 0, 0, 0, 6),
(6, NULL, 0, 0, 0, 0, 0, 7),
(7, NULL, 0, 0, 0, 0, 0, 8),
(8, NULL, 0, 0, 0, 0, 0, 9);

-- --------------------------------------------------------

--
-- Cấu trúc bảng cho bảng `cart_detail`
--

CREATE TABLE `cart_detail` (
  `cart_id` int(11) NOT NULL,
  `court_schedule_id` int(11) NOT NULL,
  `cart_item_service_amount` float(10,0) DEFAULT 0,
  `cart_item_rental_amount` float(10,0) NOT NULL,
  `created_on_date` date NOT NULL
) ENGINE=InnoDB DEFAULT CHARSET=utf8 COLLATE=utf8_unicode_ci;

--
-- Đang đổ dữ liệu cho bảng `cart_detail`
--

INSERT INTO `cart_detail` (`cart_id`, `court_schedule_id`, `cart_item_service_amount`, `cart_item_rental_amount`, `created_on_date`) VALUES
(1, 26, 300000, 300000, '2024-04-03'),
(1, 38, 0, 240000, '0000-00-00'),
(1, 42, 350000, 220000, '2024-04-01'),
(1, 71, 100000, 450000, '2024-04-02'),
(1, 79, 0, 1200000, '0000-00-00'),
(1, 87, 0, 675000, '2024-04-10'),
(1, 143, 150000, 540000, '2024-04-02'),
(1, 171, 140000, 170000, '2024-04-07'),
(1, 238, 0, 375000, '2024-04-15'),
(1, 241, 0, 300000, '2024-04-15'),
(1, 243, 150000, 225000, '2024-04-15'),
(2, 25, 350000, 200000, '2024-04-10'),
(2, 26, 0, 200000, '2024-04-07'),
(2, 40, 0, 440000, '2024-03-28'),
(2, 46, 100000, 300000, '2024-04-03'),
(2, 47, 0, 200000, '2024-04-01'),
(2, 77, 0, 200000, '2024-04-05'),
(2, 78, 100000, 200000, '2024-04-02'),
(2, 84, 0, 420000, '2024-04-01'),
(2, 87, 0, 220000, '2024-04-01'),
(2, 244, 0, 150000, '2024-04-03'),
(2, 247, 100000, 300000, '2024-04-03'),
(2, 250, 0, 525000, '2024-04-03'),
(3, 45, 0, 200000, '2024-04-05'),
(3, 76, 0, 450000, '2024-04-03'),
(3, 94, 100000, 320000, '2024-04-03'),
(3, 177, 0, 120000, '2024-04-15'),
(3, 182, 100000, 300000, '2024-04-20'),
(3, 230, 0, 150000, '2024-04-02'),
(3, 231, 250000, 225000, '2024-04-07'),
(3, 234, 0, 450000, '2024-04-09'),
(4, 139, 250000, 360000, '2024-04-01'),
(4, 181, 800000, 225000, '2024-04-20'),
(4, 192, 200000, 120000, '2024-04-13'),
(4, 205, 100000, 62000, '2024-04-09'),
(4, 206, 0, 750000, '2024-04-09'),
(4, 211, 0, 250000, '2024-04-02'),
(4, 214, 150000, 250000, '2024-04-09'),
(4, 232, 0, 300000, '2024-04-07'),
(4, 237, 0, 300000, '2024-04-07'),
(4, 245, 30000, 150000, '2024-04-07'),
(5, 38, 350000, 240000, '2024-04-06'),
(5, 139, 1000000, 360000, '2024-04-13'),
(5, 144, 100000, 360000, '2024-04-12'),
(5, 176, 150000, 240000, '2024-04-14'),
(5, 185, 50000, 150000, '2024-04-20'),
(5, 222, 0, 525000, '2024-04-06'),
(5, 224, 0, 150000, '2024-04-07'),
(5, 226, 0, 300000, '2024-04-07'),
(6, 80, 150000, 1575000, '2024-04-01'),
(6, 81, 200000, 300000, '2024-04-02'),
(6, 82, 100000, 600000, '2024-04-03'),
(6, 218, 0, 225000, '2024-04-07'),
(6, 228, 0, 450000, '2024-04-07'),
(6, 229, 1100000, 525000, '2024-04-07'),
(7, 10, 180000, 240000, '2024-04-01'),
(7, 19, 500000, 240000, '2024-03-29'),
(7, 39, 0, 275000, '2024-04-03'),
(7, 52, 260000, 240000, '2024-03-19'),
(7, 60, 700000, 300000, '2024-03-30'),
(7, 96, 500000, 320000, '2024-03-31'),
(7, 240, 0, 225000, '2024-04-08'),
(7, 242, 150000, 150000, '2024-04-08'),
(7, 249, 0, 450000, '2024-04-05'),
(8, 174, 400000, 120000, '2024-04-15'),
(8, 175, 240000, 120000, '2024-04-17'),
(8, 176, 600000, 120000, '2024-04-17'),
(8, 180, 800000, 150000, '2024-04-20'),
(8, 223, 160000, 600000, '2024-04-06'),
(8, 225, 0, 225000, '2024-04-01'),
(8, 227, 0, 375000, '2024-04-02');

-- --------------------------------------------------------

--
-- Cấu trúc bảng cho bảng `cart_service_detail`
--

CREATE TABLE `cart_service_detail` (
  `cart_id` int(11) NOT NULL,
  `court_schedule_id` int(11) NOT NULL,
  `service_id` int(11) NOT NULL,
  `cart_item_service_quantity` int(11) NOT NULL,
  `cart_item_total_service_price` float(10,0) NOT NULL
) ENGINE=InnoDB DEFAULT CHARSET=utf8 COLLATE=utf8_unicode_ci;

--
-- Đang đổ dữ liệu cho bảng `cart_service_detail`
--

INSERT INTO `cart_service_detail` (`cart_id`, `court_schedule_id`, `service_id`, `cart_item_service_quantity`, `cart_item_total_service_price`) VALUES
(1, 26, 1, 2, 300000),
(1, 42, 1, 1, 150000),
(1, 42, 2, 1, 200000),
(1, 71, 6, 1, 100000),
(1, 143, 17, 1, 150000),
(1, 171, 24, 1, 100000),
(1, 171, 26, 4, 40000),
(1, 243, 5, 1, 150000),
(2, 25, 1, 1, 150000),
(2, 25, 2, 1, 200000),
(2, 46, 6, 1, 100000),
(2, 78, 8, 10, 100000),
(2, 247, 12, 1, 100000),
(3, 94, 12, 1, 100000),
(3, 182, 24, 1, 100000),
(3, 231, 7, 1, 250000),
(4, 139, 19, 1, 250000),
(4, 181, 28, 10, 800000),
(4, 192, 26, 10, 200000),
(4, 205, 30, 1, 100000),
(4, 214, 29, 1, 150000),
(4, 245, 14, 3, 30000),
(5, 38, 1, 1, 150000),
(5, 38, 2, 1, 200000),
(5, 139, 15, 10, 1000000),
(5, 144, 18, 1, 100000),
(5, 176, 23, 1, 150000),
(5, 185, 26, 5, 50000),
(6, 80, 1, 1, 150000),
(6, 81, 2, 1, 200000),
(6, 82, 3, 1, 100000),
(6, 229, 3, 11, 1100000),
(7, 10, 4, 1, 80000),
(7, 10, 6, 1, 100000),
(7, 19, 1, 1, 150000),
(7, 19, 2, 1, 200000),
(7, 19, 11, 1, 150000),
(7, 52, 1, 1, 150000),
(7, 52, 32, 11, 110000),
(7, 60, 1, 1, 150000),
(7, 60, 7, 1, 250000),
(7, 60, 8, 20, 200000),
(7, 60, 12, 1, 100000),
(7, 96, 15, 5, 500000),
(7, 242, 1, 1, 150000),
(8, 174, 23, 1, 150000),
(8, 174, 25, 1, 250000),
(8, 175, 22, 3, 240000),
(8, 176, 21, 5, 500000),
(8, 176, 24, 1, 100000),
(8, 180, 22, 10, 800000),
(8, 223, 4, 2, 160000);

-- --------------------------------------------------------

--
-- Cấu trúc bảng cho bảng `comment`
--

CREATE TABLE `comment` (
  `comment_id` int(11) NOT NULL,
  `comment_content` varchar(2000) NOT NULL,
  `created_on_date` date NOT NULL,
  `court_id` int(11) NOT NULL,
  `account_id` int(11) NOT NULL
) ENGINE=InnoDB DEFAULT CHARSET=utf8 COLLATE=utf8_unicode_ci;

--
-- Đang đổ dữ liệu cho bảng `comment`
--

INSERT INTO `comment` (`comment_id`, `comment_content`, `created_on_date`, `court_id`, `account_id`) VALUES
(1, 'Sân này sài cỏ loại gì thế?', '2024-02-20', 1, 2),
(2, 'Còn sân trống vào tuần sau không?', '2024-03-15', 1, 3),
(3, 'Giá cả thuê sân có linh hoạt không?', '2024-02-19', 1, 5),
(4, 'Thời gian mở cửa vào cuối tuần là bao lâu?', '2024-03-11', 1, 4),
(5, 'Có khuyến mãi đặt sân hàng tuần không?', '2024-03-05', 2, 6),
(6, 'Có phí đặt sân hàng tháng không?', '2024-03-02', 2, 3),
(7, 'Có dịch vụ thuê thiết bị thể thao không?', '2024-02-24', 3, 7),
(8, 'Có chính sách hủy đặt sân linh hoạt không?', '2024-02-20', 3, 9),
(9, 'Sân này có sẵn thiết bị chiếu sáng không?', '2024-03-16', 3, 2),
(10, 'Có sân ngoài trời và trong nhà không?', '2024-02-27', 3, 3),
(11, 'Có chương trình sự kiện cho khách hàng thường xuyên không?', '2024-02-28', 4, 4),
(12, 'Có giảm giá cho đặt sân vào giờ thấp điểm không?', '2024-03-14', 5, 5),
(13, 'Có dịch vụ cho thuê trang phục thể thao không?', '2024-02-20', 5, 8),
(14, 'Có thẻ thành viên với ưu đãi đặc biệt không?', '2024-02-20', 6, 2),
(15, 'Sân có đảm bảo an toàn và sạch sẽ không?', '2024-02-19', 9, 9),
(16, 'Có hỗ trợ khách hàng qua điện thoại không?', '2024-03-13', 10, 3),
(17, 'Có sân phù hợp cho các hoạt động thể thao nhóm không?', '2024-03-17', 10, 6),
(18, 'Có gói ưu đãi cho đặt sân hàng tuần không?', '2024-03-18', 11, 8),
(19, 'Có sân có thiết bị chuyên nghiệp cho các giải đấu không?', '2024-03-24', 13, 7),
(20, 'Có phòng thay đồ và tắm sau khi tập không?', '2024-03-11', 14, 2),
(21, 'Có chương trình khuyến mãi cho sinh nhật không?', '2024-03-07', 14, 6),
(22, 'Có dịch vụ gửi trẻ em trong khi tập không?', '2024-02-18', 14, 5),
(23, 'Có sân có kích thước nhỏ phù hợp cho tập luyện cá nhân không?', '2024-02-20', 15, 7),
(24, 'Có dịch vụ giặt ủi quần áo thể thao không?', '2024-02-26', 15, 4),
(25, 'Có gói dịch vụ cho thuê sân hàng tháng không?', '2024-03-01', 16, 3),
(26, 'Có sân có không gian nghỉ ngơi và thư giãn không?', '2024-02-20', 16, 2),
(27, 'Có sân có máy lọc không khí và nước không?', '2024-03-22', 17, 2),
(28, 'Có sân có khu vực tắm nước nóng và lạnh không?', '2024-02-22', 17, 4),
(29, 'Sân có phòng giữ trẻ em không?', '2024-02-24', 17, 7),
(30, 'Nếu tôi đặt sân vào một khung giờ mỗi tuần trong suốt cả năm thì có được giảm giá gì không?', '2024-03-21', 17, 5);

-- --------------------------------------------------------

--
-- Cấu trúc bảng cho bảng `court`
--

CREATE TABLE `court` (
  `court_id` int(11) NOT NULL,
  `court_name` varchar(100) NOT NULL,
  `court_state` varchar(20) NOT NULL,
  `created_on_date` date NOT NULL,
  `last_modified_date` date DEFAULT NULL,
  `court_type_id` int(11) NOT NULL,
  `account_id` int(11) NOT NULL
) ENGINE=InnoDB DEFAULT CHARSET=utf8 COLLATE=utf8_unicode_ci;

--
-- Đang đổ dữ liệu cho bảng `court`
--

INSERT INTO `court` (`court_id`, `court_name`, `court_state`, `created_on_date`, `last_modified_date`, `court_type_id`, `account_id`) VALUES
(1, 'Sân bóng đá số 1', 'Chưa xóa', '2024-02-18', NULL, 1, 1),
(2, 'Sân bóng đá số 2', 'Chưa xóa', '2024-02-18', NULL, 1, 1),
(3, 'Sân bóng đá số 3', 'Chưa xóa', '2024-02-18', NULL, 1, 1),
(4, 'Sân bóng đá số 4', 'Chưa xóa', '2024-02-18', NULL, 1, 1),
(5, 'Sân bóng đá số 5', 'Chưa xóa', '2024-02-18', NULL, 1, 1),
(6, 'Sân bóng đá số 6', 'Chưa xóa', '2024-02-18', NULL, 1, 1),
(7, 'Sân bóng đá số 7', 'Chưa xóa', '2024-02-18', NULL, 1, 1),
(8, 'Sân bóng chuyền số 1', 'Chưa xóa', '2024-02-18', NULL, 2, 1),
(9, 'Sân bóng chuyền số 2', 'Chưa xóa', '2024-02-18', NULL, 2, 1),
(10, 'Sân bóng rổ số 1', 'Chưa xóa', '2024-02-18', NULL, 3, 1),
(11, 'Sân bóng rổ số 2', 'Chưa xóa', '2024-02-18', NULL, 3, 1),
(12, 'Sân bóng rổ số 3', 'Chưa xóa', '2024-02-18', NULL, 3, 1),
(13, 'Sân cầu lông số 1', 'Chưa xóa', '2024-02-18', NULL, 4, 1),
(14, 'Sân cầu lông số 2', 'Chưa xóa', '2024-02-18', NULL, 4, 1),
(15, 'Sân cầu lông số 3', 'Chưa xóa', '2024-02-18', NULL, 4, 1),
(16, 'Sân cầu lông số 4', 'Chưa xóa', '2024-02-18', NULL, 4, 1),
(17, 'Sân tennis số 1', 'Chưa xóa', '2024-02-18', NULL, 5, 1);

-- --------------------------------------------------------

--
-- Cấu trúc bảng cho bảng `court_image`
--

CREATE TABLE `court_image` (
  `court_image_id` int(11) NOT NULL,
  `court_image` varchar(100) NOT NULL,
  `court_id` int(11) NOT NULL
) ENGINE=InnoDB DEFAULT CHARSET=utf8 COLLATE=utf8_unicode_ci;

--
-- Đang đổ dữ liệu cho bảng `court_image`
--

INSERT INTO `court_image` (`court_image_id`, `court_image`, `court_id`) VALUES
(1, '../upload/sport-courts-management/court-1-1.png', 1),
(2, '../upload/sport-courts-management/court-1-2.png', 1),
(3, '../upload/sport-courts-management/court-1-3.png', 1),
(4, '../upload/sport-courts-management/court-2-1.png', 2),
(5, '../upload/sport-courts-management/court-2-2.png', 2),
(6, '../upload/sport-courts-management/court-2-3.png', 2),
(7, '../upload/sport-courts-management/court-3-1.png', 3),
(8, '../upload/sport-courts-management/court-3-2.png', 3),
(9, '../upload/sport-courts-management/court-3-3.png', 3),
(10, '../upload/sport-courts-management/court-4-1.png', 4),
(11, '../upload/sport-courts-management/court-4-2.png', 4),
(12, '../upload/sport-courts-management/court-4-3.png', 4),
(13, '../upload/sport-courts-management/court-5-1.png', 5),
(14, '../upload/sport-courts-management/court-5-2.png', 5),
(15, '../upload/sport-courts-management/court-5-3.png', 5),
(16, '../upload/sport-courts-management/court-6-1.png', 6),
(17, '../upload/sport-courts-management/court-6-2.png', 6),
(18, '../upload/sport-courts-management/court-6-3.png', 6),
(19, '../upload/sport-courts-management/court-7-1.png', 7),
(20, '../upload/sport-courts-management/court-7-2.png', 7),
(21, '../upload/sport-courts-management/court-7-3.png', 7),
(22, '../upload/sport-courts-management/court-8-1.png', 8),
(23, '../upload/sport-courts-management/court-8-2.png', 8),
(24, '../upload/sport-courts-management/court-8-3.png', 8),
(25, '../upload/sport-courts-management/court-9-1.png', 9),
(26, '../upload/sport-courts-management/court-9-2.png', 9),
(27, '../upload/sport-courts-management/court-9-3.png', 9),
(28, '../upload/sport-courts-management/court-10-1.png', 10),
(29, '../upload/sport-courts-management/court-10-2.png', 10),
(30, '../upload/sport-courts-management/court-10-3.png', 10),
(31, '../upload/sport-courts-management/court-11-1.png', 11),
(32, '../upload/sport-courts-management/court-11-2.png', 11),
(33, '../upload/sport-courts-management/court-11-3.png', 11),
(34, '../upload/sport-courts-management/court-12-1.png', 12),
(35, '../upload/sport-courts-management/court-12-2.png', 12),
(36, '../upload/sport-courts-management/court-12-3.png', 12),
(37, '../upload/sport-courts-management/court-13-1.png', 13),
(38, '../upload/sport-courts-management/court-13-2.png', 13),
(39, '../upload/sport-courts-management/court-13-3.png', 13),
(40, '../upload/sport-courts-management/court-14-1.png', 14),
(41, '../upload/sport-courts-management/court-14-2.png', 14),
(42, '../upload/sport-courts-management/court-14-3.png', 14),
(43, '../upload/sport-courts-management/court-15-1.png', 15),
(44, '../upload/sport-courts-management/court-15-2.png', 15),
(45, '../upload/sport-courts-management/court-15-3.png', 15),
(46, '../upload/sport-courts-management/court-16-1.png', 16),
(47, '../upload/sport-courts-management/court-16-2.png', 16),
(48, '../upload/sport-courts-management/court-16-3.png', 16),
(49, '../upload/sport-courts-management/court-17-1.png', 17),
(50, '../upload/sport-courts-management/court-17-2.png', 17),
(51, '../upload/sport-courts-management/court-17-3.png', 17);

-- --------------------------------------------------------

--
-- Cấu trúc bảng cho bảng `court_order`
--

CREATE TABLE `court_order` (
  `court_order_id` int(11) NOT NULL,
  `court_schedule_id` int(11) NOT NULL,
  `event_id` int(11) DEFAULT NULL,
  `total_service_amount` float(10,0) NOT NULL,
  `total_rental_amount` float(10,0) NOT NULL,
  `total_discount_amount` float(10,0) NOT NULL,
  `order_total_payment` float(10,0) NOT NULL,
  `order_total_deposit` float(10,0) NOT NULL,
  `payment_method` varchar(50) NOT NULL,
  `order_state` varchar(20) NOT NULL,
  `customer_account_id` int(11) NOT NULL,
  `admin_account_id` int(11) NOT NULL,
  `order_cancel_reason` varchar(1000) DEFAULT NULL,
  `order_cancel_party_account_id` int(11) DEFAULT NULL,
  `ordered_on_date` date NOT NULL,
  `canceled_on_date` date DEFAULT NULL,
  `refunded_on_date` date DEFAULT NULL
) ENGINE=InnoDB DEFAULT CHARSET=utf8 COLLATE=utf8_unicode_ci;

--
-- Đang đổ dữ liệu cho bảng `court_order`
--

INSERT INTO `court_order` (`court_order_id`, `court_schedule_id`, `event_id`, `total_service_amount`, `total_rental_amount`, `total_discount_amount`, `order_total_payment`, `order_total_deposit`, `payment_method`, `order_state`, `customer_account_id`, `admin_account_id`, `order_cancel_reason`, `order_cancel_party_account_id`, `ordered_on_date`, `canceled_on_date`, `refunded_on_date`) VALUES
(1, 147, 2, 350000, 420000, 77000, 693000, 138600, 'Chuyển khoản ngân hàng', 'Hoàn thành', 2, 1, NULL, NULL, '2024-03-20', NULL, NULL),
(2, 144, NULL, 100000, 150000, 0, 250000, 50000, 'Ví điện tử momo', 'Chờ thanh toán', 2, 1, NULL, NULL, '2024-04-03', NULL, NULL),
(3, 139, NULL, 0, 360000, 0, 360000, 72000, 'Chuyển khoản ngân hàng', 'Chờ hoàn tiền', 2, 1, 'Sân này đang được bảo trì, sữa chữa', 1, '2024-03-30', '2024-03-31', NULL),
(4, 5, 2, 0, 200000, 20000, 180000, 36000, 'Chuyển khoản ngân hàng', 'Đã hủy', 2, 1, 'Tôi không còn nhu cầu đặt sân nữa', 2, '2024-03-14', '2024-03-16', NULL),
(5, 22, 3, 150000, 240000, 58500, 331500, 66300, 'Ví điện tử momo', 'Đã hủy', 2, 1, 'Khách hàng không đến nhận sân', 1, '2024-03-31', '2024-04-04', NULL),
(6, 166, NULL, 0, 300000, 0, 300000, 60000, 'Ví điện tử momo', 'Hoàn thành', 3, 1, NULL, NULL, '2024-03-25', NULL, NULL),
(7, 124, 2, 0, 150000, 15000, 135000, 27000, 'Ví điện tử momo', 'Hoàn thành', 3, 1, NULL, NULL, '2024-04-01', NULL, NULL),
(8, 185, 2, 160000, 150000, 15000, 295000, 59000, 'Chuyển khoản ngân hàng', 'Chờ thanh toán', 3, 1, NULL, NULL, '2024-04-15', NULL, NULL),
(9, 3, 2, 0, 400000, 40000, 360000, 72000, 'Chuyển khoản ngân hàng', 'Hoàn thành', 4, 1, NULL, NULL, '2024-03-17', NULL, NULL),
(10, 9, NULL, 150000, 240000, 0, 390000, 78000, 'Ví điện tử momo', 'Đã hủy', 4, 1, 'Tôi không còn nhu cầu đặt sân nữa', 4, '2024-03-25', '2024-03-27', NULL),
(11, 201, 3, 690000, 250000, 141000, 799000, 159800, 'Ví điện tử momo', 'Chờ nhận sân', 5, 1, NULL, NULL, '2024-08-04', NULL, NULL),
(12, 202, 2, 0, 250000, 25000, 225000, 45000, 'Ví điện tử momo', 'Chờ thanh toán', 5, 1, NULL, NULL, '2024-08-04', NULL, NULL),
(13, 211, 2, 0, 250000, 25000, 225000, 45000, 'Chuyển khoản ngân hàng', 'Chờ thanh toán', 5, 1, NULL, NULL, '2024-08-04', NULL, NULL),
(14, 216, NULL, 200000, 250000, 0, 450000, 90000, 'Ví điện tử momo', 'Chờ nhận sân', 5, 1, NULL, NULL, '2024-08-04', NULL, NULL),
(15, 11, 2, 350000, 360000, 71000, 639000, 127800, 'Chuyển khoản ngân hàng', 'Hoàn thành', 6, 1, NULL, NULL, '2024-03-30', NULL, NULL),
(16, 91, NULL, 160000, 320000, 0, 480000, 96000, 'Chuyển khoản ngân hàng', 'Chờ hoàn tiền', 6, 1, 'Sân này đang được bảo trì, sữa chữa', 1, '2024-03-10', '2024-03-13', NULL),
(17, 73, 2, 150000, 900000, 105000, 1045000, 209000, 'Ví điện tử momo', 'Hoàn thành', 7, 1, NULL, NULL, '2024-03-30', NULL, NULL),
(18, 40, 2, 400000, 440000, 84000, 756000, 151200, 'Ví điện tử momo', 'Chờ thanh toán', 7, 1, NULL, NULL, '2024-04-02', NULL, NULL),
(19, 49, 2, 0, 320000, 32000, 288000, 57600, 'Ví điện tử momo', 'Hoàn thành', 7, 1, NULL, NULL, '2024-03-25', NULL, NULL),
(20, 55, NULL, 0, 225000, 0, 225000, 45000, 'Ví điện tử momo', 'Đã hủy', 7, 1, 'Đơn đặt sân chưa được thanh toán', 1, '2024-03-30', '2024-03-31', NULL),
(21, 64, 2, 150000, 300000, 45000, 405000, 81000, 'Chuyển khoản ngân hàng', 'Hoàn thành', 7, 1, NULL, NULL, '2024-04-01', NULL, NULL),
(22, 111, NULL, 100000, 360000, 0, 460000, 92000, 'Ví điện tử momo', 'Hoàn thành', 8, 1, NULL, NULL, '2024-03-03', NULL, NULL),
(23, 112, 2, 150000, 400000, 55000, 495000, 99000, 'Ví điện tử momo', 'Đã hủy', 8, 1, 'Đơn đặt sân chưa được thanh toán', 1, '2024-03-10', '2024-03-13', NULL),
(24, 85, NULL, 400000, 600000, 0, 1000000, 200000, 'Chuyển khoản ngân hàng', 'Hoàn thành', 8, 1, NULL, NULL, '2024-04-01', NULL, NULL),
(25, 29, NULL, 100000, 225000, 0, 325000, 65000, 'Ví điện tử momo', 'Đã hủy', 8, 1, 'Tôi muốn thay đổi lịch sân', 7, '2024-03-17', '2024-03-18', NULL),
(26, 160, 2, 150000, 150000, 30000, 270000, 54000, 'Chuyển khoản ngân hàng', 'Hoàn thành', 9, 1, NULL, NULL, '2024-03-30', NULL, NULL),
(27, 117, NULL, 0, 400000, 0, 400000, 80000, 'Ví điện tử momo', 'Đã hủy', 9, 1, 'Tôi muốn thay đổi lịch sân', 8, '2024-03-12', '2024-03-13', NULL),
(28, 196, NULL, 0, 120000, 0, 120000, 24000, 'Chuyển khoản ngân hàng', 'Chờ nhận sân', 9, 1, NULL, NULL, '2024-04-12', NULL, NULL);

-- --------------------------------------------------------

--
-- Cấu trúc bảng cho bảng `court_price`
--

CREATE TABLE `court_price` (
  `court_price_id` int(11) NOT NULL,
  `court_start_time` time NOT NULL,
  `court_end_time` time NOT NULL,
  `court_time_frame` varchar(20) NOT NULL,
  `court_weekday_price` float(10,0) NOT NULL,
  `court_weekend_price` float(10,0) NOT NULL,
  `court_price_frame` varchar(40) NOT NULL,
  `court_id` int(11) NOT NULL
) ENGINE=InnoDB DEFAULT CHARSET=utf8 COLLATE=utf8_unicode_ci;

--
-- Đang đổ dữ liệu cho bảng `court_price`
--

INSERT INTO `court_price` (`court_price_id`, `court_start_time`, `court_end_time`, `court_time_frame`, `court_weekday_price`, `court_weekend_price`, `court_price_frame`, `court_id`) VALUES
(1, '06:00:00', '15:00:00', '06:00-15:00', 150000, 200000, '150.000-200.000', 1),
(2, '15:00:00', '17:00:00', '15:00-17:00', 200000, 240000, '200.000-240.000', 1),
(3, '17:00:00', '21:00:00', '17:00-21:00', 240000, 240000, '240.000-240.000', 1),
(4, '21:00:00', '23:00:00', '21:00-23:00', 200000, 240000, '200.000-240.000', 1),
(5, '23:00:00', '06:00:00', '23:00-06:00', 150000, 200000, '150.000-200.000', 1),
(6, '06:00:00', '15:00:00', '06:00-15:00', 150000, 200000, '150.000-200.000', 2),
(7, '15:00:00', '17:00:00', '15:00-17:00', 200000, 240000, '200.000-240.000', 2),
(8, '17:00:00', '21:00:00', '17:00-21:00', 240000, 240000, '240.000-240.000', 2),
(9, '21:00:00', '23:00:00', '21:00-23:00', 200000, 240000, '200.000-240.000', 2),
(10, '23:00:00', '06:00:00', '23:00-06:00', 150000, 200000, '150.000-200.000', 2),
(11, '06:00:00', '15:00:00', '06:00-15:00', 150000, 200000, '150.000-200.000', 3),
(12, '15:00:00', '17:00:00', '15:00-17:00', 200000, 240000, '200.000-240.000', 3),
(13, '17:00:00', '21:00:00', '17:00-21:00', 240000, 240000, '240.000-240.000', 3),
(14, '21:00:00', '23:00:00', '21:00-23:00', 200000, 240000, '200.000-240.000', 3),
(15, '23:00:00', '06:00:00', '23:00-06:00', 150000, 200000, '150.000-200.000', 3),
(16, '06:00:00', '15:00:00', '06:00-15:00', 150000, 200000, '150.000-200.000', 4),
(17, '15:00:00', '17:00:00', '15:00-17:00', 200000, 240000, '200.000-240.000', 4),
(18, '17:00:00', '21:00:00', '17:00-21:00', 240000, 240000, '240.000-240.000', 4),
(19, '21:00:00', '23:00:00', '21:00-23:00', 200000, 240000, '200.000-240.000', 4),
(20, '23:00:00', '06:00:00', '23:00-06:00', 150000, 200000, '150.000-200.000', 4),
(21, '06:00:00', '15:00:00', '06:00-15:00', 450000, 600000, '450.000-600.000', 5),
(22, '15:00:00', '17:00:00', '15:00-17:00', 650000, 750000, '650.000-750.000', 5),
(23, '17:00:00', '21:00:00', '17:00-21:00', 700000, 800000, '700.000-800.000', 5),
(24, '21:00:00', '23:00:00', '21:00-23:00', 650000, 750000, '650.000-750.000', 5),
(25, '23:00:00', '06:00:00', '23:00-06:00', 450000, 650000, '450.000-650.000', 5),
(26, '06:00:00', '15:00:00', '06:00-15:00', 450000, 600000, '450.000-600.000', 6),
(27, '15:00:00', '17:00:00', '15:00-17:00', 650000, 750000, '650.000-750.000', 6),
(28, '17:00:00', '21:00:00', '17:00-21:00', 700000, 800000, '700.000-800.000', 6),
(29, '21:00:00', '23:00:00', '21:00-23:00', 650000, 750000, '650.000-750.000', 6),
(30, '23:00:00', '06:00:00', '23:00-06:00', 450000, 650000, '450.000-650.000', 6),
(31, '06:00:00', '15:00:00', '06:00-15:00', 450000, 600000, '450.000-600.000', 7),
(32, '15:00:00', '17:00:00', '15:00-17:00', 650000, 750000, '650.000-750.000', 7),
(33, '17:00:00', '21:00:00', '17:00-21:00', 700000, 800000, '700.000-800.000', 7),
(34, '21:00:00', '23:00:00', '21:00-23:00', 650000, 750000, '650.000-750.000', 7),
(35, '23:00:00', '06:00:00', '23:00-06:00', 450000, 650000, '450.000-650.000', 7),
(36, '05:00:00', '17:00:00', '05:00-17:00', 320000, 360000, '320.000-360.000', 8),
(37, '17:00:00', '05:00:00', '17:00-05:00', 320000, 360000, '320.000-360.000', 8),
(38, '05:00:00', '17:00:00', '05:00-17:00', 320000, 360000, '320.000-360.000', 9),
(39, '17:00:00', '05:00:00', '17:00-05:00', 320000, 360000, '320.000-360.000', 9),
(40, '05:00:00', '16:00:00', '05:00-16:00', 360000, 400000, '360.000-400.000', 10),
(41, '16:00:00', '05:00:00', '16:00-05:00', 400000, 420000, '400.000-420.000', 10),
(42, '05:00:00', '16:00:00', '05:00-16:00', 360000, 400000, '360.000-400.000', 11),
(43, '16:00:00', '05:00:00', '16:00-05:00', 400000, 420000, '400.000-420.000', 11),
(44, '05:00:00', '16:00:00', '05:00-16:00', 360000, 400000, '360.000-400.000', 12),
(45, '16:00:00', '05:00:00', '16:00-05:00', 400000, 420000, '400.000-420.000', 12),
(46, '06:00:00', '17:00:00', '06:00-17:00', 120000, 150000, '120.000-150.000', 13),
(47, '17:00:00', '06:00:00', '17:00-06:00', 150000, 170000, '150.000-170.000', 13),
(48, '06:00:00', '17:00:00', '06:00-17:00', 120000, 150000, '120.000-150.000', 14),
(49, '17:00:00', '06:00:00', '17:00-06:00', 150000, 170000, '150.000-170.000', 14),
(50, '06:00:00', '17:00:00', '06:00-17:00', 120000, 150000, '120.000-150.000', 15),
(51, '17:00:00', '06:00:00', '17:00-06:00', 150000, 170000, '150.000-170.000', 15),
(52, '06:00:00', '17:00:00', '06:00-17:00', 120000, 150000, '120.000-150.000', 16),
(53, '17:00:00', '06:00:00', '17:00-06:00', 150000, 170000, '150.000-170.000', 16),
(54, '05:00:00', '17:00:00', '05:00-17:00', 130000, 170000, '130.000-170.000', 17),
(55, '17:00:00', '05:00:00', '17:00-05:00', 250000, 280000, '250.000-280.000', 17);

-- --------------------------------------------------------

--
-- Cấu trúc bảng cho bảng `court_schedule`
--

CREATE TABLE `court_schedule` (
  `court_schedule_id` int(11) NOT NULL,
  `court_schedule_date` date NOT NULL,
  `court_schedule_start_time` time NOT NULL,
  `court_schedule_end_time` time NOT NULL,
  `court_schedule_time_frame` varchar(20) NOT NULL,
  `court_schedule_state` varchar(15) NOT NULL,
  `created_on_date` date NOT NULL,
  `last_modified_date` date DEFAULT NULL,
  `court_id` int(11) NOT NULL,
  `account_id` int(11) NOT NULL
) ENGINE=InnoDB DEFAULT CHARSET=utf8 COLLATE=utf8_unicode_ci;

--
-- Đang đổ dữ liệu cho bảng `court_schedule`
--

INSERT INTO `court_schedule` (`court_schedule_id`, `court_schedule_date`, `court_schedule_start_time`, `court_schedule_end_time`, `court_schedule_time_frame`, `court_schedule_state`, `created_on_date`, `last_modified_date`, `court_id`, `account_id`) VALUES
(1, '2024-03-18', '15:00:00', '17:00:00', '15:00-16:00', 'Hết hạn', '2024-02-18', NULL, 1, 1),
(2, '2024-03-18', '15:00:00', '17:00:00', '15:00-16:30', 'Hết hạn', '2024-02-18', NULL, 1, 1),
(3, '2024-03-18', '15:00:00', '17:00:00', '15:00-17:00', 'Hết hạn', '2024-02-18', NULL, 1, 1),
(4, '2024-03-18', '15:00:00', '17:00:00', '15:30-16:30', 'Hết hạn', '2024-02-18', NULL, 1, 1),
(5, '2024-03-18', '15:00:00', '17:00:00', '15:30-17:00', 'Hết hạn', '2024-02-18', NULL, 1, 1),
(6, '2024-03-18', '15:00:00', '17:00:00', '16:00-17:00', 'Hết hạn', '2024-02-18', NULL, 1, 1),
(7, '2024-03-30', '17:30:00', '19:00:00', '17:30-18:30', 'Hết hạn', '2024-02-18', NULL, 1, 1),
(8, '2024-03-30', '17:30:00', '19:00:00', '17:30-19:00', 'Hết hạn', '2024-02-18', NULL, 1, 1),
(9, '2024-03-30', '17:30:00', '19:00:00', '18:00-19:00', 'Hết hạn', '2024-02-18', NULL, 1, 1),
(10, '2024-04-04', '18:00:00', '21:00:00', '18:00-19:00', 'Hết hạn', '2024-02-18', NULL, 1, 1),
(11, '2024-04-04', '18:00:00', '21:00:00', '18:00-19:30', 'Hết hạn', '2024-02-18', NULL, 1, 1),
(12, '2024-04-04', '18:00:00', '21:00:00', '18:00-20:00', 'Hết hạn', '2024-02-18', NULL, 1, 1),
(13, '2024-04-04', '18:00:00', '21:00:00', '18:00-20:30', 'Hết hạn', '2024-02-18', NULL, 1, 1),
(14, '2024-04-04', '18:00:00', '21:00:00', '18:00-21:00', 'Hết hạn', '2024-02-18', NULL, 1, 1),
(15, '2024-04-04', '18:00:00', '21:00:00', '18:30-19:30', 'Hết hạn', '2024-02-18', NULL, 1, 1),
(16, '2024-04-04', '18:00:00', '21:00:00', '18:30-20:00', 'Hết hạn', '2024-02-18', NULL, 1, 1),
(17, '2024-04-04', '18:00:00', '21:00:00', '18:30-20:30', 'Hết hạn', '2024-02-18', NULL, 1, 1),
(18, '2024-04-04', '18:00:00', '21:00:00', '18:30-21:00', 'Hết hạn', '2024-02-18', NULL, 1, 1),
(19, '2024-04-04', '18:00:00', '21:00:00', '19:00-20:00', 'Hết hạn', '2024-02-18', NULL, 1, 1),
(20, '2024-04-04', '18:00:00', '21:00:00', '19:00-20:30', 'Hết hạn', '2024-02-18', NULL, 1, 1),
(21, '2024-04-04', '18:00:00', '21:00:00', '19:00-21:00', 'Hết hạn', '2024-02-18', NULL, 1, 1),
(22, '2024-04-04', '18:00:00', '21:00:00', '19:30-20:30', 'Hết hạn', '2024-02-18', NULL, 1, 1),
(23, '2024-04-04', '18:00:00', '21:00:00', '19:30-21:00', 'Hết hạn', '2024-02-18', NULL, 1, 1),
(24, '2024-04-04', '18:00:00', '21:00:00', '20:00-21:00', 'Hết hạn', '2024-02-18', NULL, 1, 1),
(25, '2024-04-14', '07:00:00', '08:30:00', '07:00-08:00', 'Chưa đặt', '2024-02-18', NULL, 1, 1),
(26, '2024-04-14', '07:00:00', '08:30:00', '07:00-08:30', 'Chưa đặt', '2024-02-18', NULL, 1, 1),
(27, '2024-04-14', '07:00:00', '08:30:00', '07:30-08:30', 'Chưa đặt', '2024-02-18', NULL, 1, 1),
(28, '2024-03-20', '11:00:00', '13:30:00', '11:00-12:00', 'Hết hạn', '2024-02-18', NULL, 2, 1),
(29, '2024-03-20', '11:00:00', '13:30:00', '11:00-12:30', 'Hết hạn', '2024-02-18', NULL, 2, 1),
(30, '2024-03-20', '11:00:00', '13:30:00', '11:00-13:00', 'Hết hạn', '2024-02-18', NULL, 2, 1),
(31, '2024-03-20', '11:00:00', '13:30:00', '11:00-13:30', 'Hết hạn', '2024-02-18', NULL, 2, 1),
(32, '2024-03-20', '11:00:00', '13:30:00', '11:30-12:30', 'Hết hạn', '2024-02-18', NULL, 2, 1),
(33, '2024-03-20', '11:00:00', '13:30:00', '11:30-13:00', 'Hết hạn', '2024-02-18', NULL, 2, 1),
(34, '2024-03-20', '11:00:00', '13:30:00', '11:30-13:30', 'Hết hạn', '2024-02-18', NULL, 2, 1),
(35, '2024-03-20', '11:00:00', '13:30:00', '12:00-13:00', 'Hết hạn', '2024-02-18', NULL, 2, 1),
(36, '2024-03-20', '11:00:00', '13:30:00', '12:00-13:30', 'Hết hạn', '2024-02-18', NULL, 2, 1),
(37, '2024-03-20', '11:00:00', '13:30:00', '12:30-13:30', 'Hết hạn', '2024-02-18', NULL, 2, 1),
(38, '2024-04-07', '22:00:00', '00:30:00', '22:00-23:00', 'Hết hạn', '2024-02-18', NULL, 2, 1),
(39, '2024-04-07', '22:00:00', '00:30:00', '22:00-23:30', 'Hết hạn', '2024-02-18', NULL, 2, 1),
(40, '2024-04-07', '22:00:00', '00:30:00', '22:00-24:00', 'Hết hạn', '2024-02-18', NULL, 2, 1),
(41, '2024-04-07', '22:00:00', '00:30:00', '22:00-00:30', 'Hết hạn', '2024-02-18', NULL, 2, 1),
(42, '2024-04-07', '22:00:00', '00:30:00', '22:30-23:30', 'Hết hạn', '2024-02-18', NULL, 2, 1),
(43, '2024-04-07', '22:00:00', '00:30:00', '22:30-24:00', 'Hết hạn', '2024-02-18', NULL, 2, 1),
(44, '2024-04-07', '22:00:00', '00:30:00', '22:30-00:30', 'Hết hạn', '2024-02-18', NULL, 2, 1),
(45, '2024-04-07', '22:00:00', '00:30:00', '23:00-24:00', 'Hết hạn', '2024-02-18', NULL, 2, 1),
(46, '2024-04-07', '22:00:00', '00:30:00', '23:00-00:30', 'Hết hạn', '2024-02-18', NULL, 2, 1),
(47, '2024-04-07', '22:00:00', '00:30:00', '23:30-00:30', 'Hết hạn', '2024-02-18', NULL, 2, 1),
(48, '2024-03-22', '16:00:00', '18:00:00', '16:00-17:00', 'Hết hạn', '2024-02-18', NULL, 3, 1),
(49, '2024-03-22', '16:00:00', '18:00:00', '16:00-17:30', 'Hết hạn', '2024-02-18', NULL, 3, 1),
(50, '2024-03-22', '16:00:00', '18:00:00', '16:00-18:00', 'Hết hạn', '2024-02-18', NULL, 3, 1),
(51, '2024-03-22', '16:00:00', '18:00:00', '16:30-17:30', 'Hết hạn', '2024-02-18', NULL, 3, 1),
(52, '2024-03-22', '16:00:00', '18:00:00', '17:00-18:00', 'Hết hạn', '2024-02-18', NULL, 3, 1),
(53, '2024-04-02', '08:00:00', '11:00:00', '08:00-09:00', 'Hết hạn', '2024-02-18', NULL, 4, 1),
(54, '2024-04-02', '08:00:00', '11:00:00', '08:00-09:30', 'Hết hạn', '2024-02-18', NULL, 4, 1),
(55, '2024-04-02', '08:00:00', '11:00:00', '08:00-10:00', 'Hết hạn', '2024-02-18', NULL, 4, 1),
(56, '2024-04-02', '08:00:00', '11:00:00', '08:00-10:30', 'Hết hạn', '2024-02-18', NULL, 4, 1),
(57, '2024-04-02', '08:00:00', '11:00:00', '08:00-11:00', 'Hết hạn', '2024-02-18', NULL, 4, 1),
(58, '2024-04-02', '08:00:00', '11:00:00', '08:30-09:30', 'Hết hạn', '2024-02-18', NULL, 4, 1),
(59, '2024-04-02', '08:00:00', '11:00:00', '08:30-10:00', 'Hết hạn', '2024-02-18', NULL, 4, 1),
(60, '2024-04-02', '08:00:00', '11:00:00', '08:30-10:30', 'Hết hạn', '2024-02-18', NULL, 4, 1),
(61, '2024-04-02', '08:00:00', '11:00:00', '08:30-11:00', 'Hết hạn', '2024-02-18', NULL, 4, 1),
(62, '2024-04-02', '08:00:00', '11:00:00', '09:00-10:00', 'Hết hạn', '2024-02-18', NULL, 4, 1),
(63, '2024-04-02', '08:00:00', '11:00:00', '09:00-10:30', 'Hết hạn', '2024-02-18', NULL, 4, 1),
(64, '2024-04-02', '08:00:00', '11:00:00', '09:00-11:00', 'Hết hạn', '2024-02-18', NULL, 4, 1),
(65, '2024-04-02', '08:00:00', '11:00:00', '09:30-10:30', 'Hết hạn', '2024-02-18', NULL, 4, 1),
(66, '2024-04-02', '08:00:00', '11:00:00', '09:30-11:00', 'Hết hạn', '2024-02-18', NULL, 4, 1),
(67, '2024-04-02', '08:00:00', '11:00:00', '10:00-11:00', 'Hết hạn', '2024-02-18', NULL, 4, 1),
(68, '2024-03-28', '03:00:00', '04:30:00', '03:00-04:00', 'Hết hạn', '2024-02-18', NULL, 5, 1),
(69, '2024-03-28', '03:00:00', '04:30:00', '03:00-04:30', 'Hết hạn', '2024-02-18', NULL, 5, 1),
(70, '2024-03-28', '03:00:00', '04:30:00', '03:30-04:30', 'Hết hạn', '2024-02-18', NULL, 5, 1),
(71, '2024-04-05', '05:00:00', '07:00:00', '05:00-06:00', 'Hết hạn', '2024-02-18', NULL, 6, 1),
(72, '2024-04-05', '05:00:00', '07:00:00', '05:00-06:30', 'Hết hạn', '2024-02-18', NULL, 6, 1),
(73, '2024-04-05', '05:00:00', '07:00:00', '05:00-07:00', 'Hết hạn', '2024-02-18', NULL, 6, 1),
(74, '2024-04-05', '05:00:00', '07:00:00', '05:30-06:30', 'Hết hạn', '2024-02-18', NULL, 6, 1),
(75, '2024-04-05', '05:00:00', '07:00:00', '05:30-07:00', 'Hết hạn', '2024-02-18', NULL, 6, 1),
(76, '2024-04-05', '05:00:00', '07:00:00', '06:00-07:00', 'Hết hạn', '2024-02-18', NULL, 6, 1),
(77, '2024-04-06', '13:00:00', '15:30:00', '13:00-14:00', 'Hết hạn', '2024-02-18', NULL, 7, 1),
(78, '2024-04-06', '13:00:00', '15:30:00', '13:00-14:30', 'Hết hạn', '2024-02-18', NULL, 7, 1),
(79, '2024-04-06', '13:00:00', '15:30:00', '13:00-15:00', 'Hết hạn', '2024-02-18', NULL, 7, 1),
(80, '2024-04-06', '13:00:00', '15:30:00', '13:00-15:30', 'Hết hạn', '2024-02-18', NULL, 7, 1),
(81, '2024-04-06', '13:00:00', '15:30:00', '13:30-14:00', 'Hết hạn', '2024-02-18', NULL, 7, 1),
(82, '2024-04-06', '13:00:00', '15:30:00', '13:30-14:30', 'Hết hạn', '2024-02-18', NULL, 7, 1),
(83, '2024-04-06', '13:00:00', '15:30:00', '13:30-15:00', 'Hết hạn', '2024-02-18', NULL, 7, 1),
(84, '2024-04-06', '13:00:00', '15:30:00', '13:30-15:30', 'Hết hạn', '2024-02-18', NULL, 7, 1),
(85, '2024-04-06', '13:00:00', '15:30:00', '14:00-15:00', 'Hết hạn', '2024-02-18', NULL, 7, 1),
(86, '2024-04-06', '13:00:00', '15:30:00', '14:00-15:30', 'Hết hạn', '2024-02-18', NULL, 7, 1),
(87, '2024-04-06', '13:00:00', '15:30:00', '14:30-15:30', 'Hết hạn', '2024-02-18', NULL, 7, 1),
(88, '2024-03-18', '21:00:00', '23:00:00', '21:00-22:00', 'Hết hạn', '2024-02-18', NULL, 8, 1),
(89, '2024-03-18', '21:00:00', '23:00:00', '21:00-22:30', 'Hết hạn', '2024-02-18', NULL, 8, 1),
(90, '2024-03-18', '21:00:00', '23:00:00', '21:00-23:00', 'Hết hạn', '2024-02-18', NULL, 8, 1),
(91, '2024-03-18', '21:00:00', '23:00:00', '21:30-22:30', 'Hết hạn', '2024-02-18', NULL, 8, 1),
(92, '2024-03-18', '21:00:00', '23:00:00', '21:30-23:00', 'Hết hạn', '2024-02-18', NULL, 8, 1),
(93, '2024-03-18', '21:00:00', '23:00:00', '22:00-23:00', 'Hết hạn', '2024-02-18', NULL, 8, 1),
(94, '2024-04-05', '07:00:00', '08:30:00', '07:00-08:00', 'Hết hạn', '2024-02-18', NULL, 8, 1),
(95, '2024-04-05', '07:00:00', '08:30:00', '07:00-08:30', 'Hết hạn', '2024-02-18', NULL, 8, 1),
(96, '2024-04-05', '07:00:00', '08:30:00', '07:30-08:30', 'Hết hạn', '2024-02-18', NULL, 8, 1),
(97, '2024-03-31', '14:00:00', '17:00:00', '14:00-15:00', 'Hết hạn', '2024-02-18', NULL, 9, 1),
(98, '2024-03-31', '14:00:00', '17:00:00', '14:00-15:30', 'Hết hạn', '2024-02-18', NULL, 9, 1),
(99, '2024-03-31', '14:00:00', '17:00:00', '14:00-16:00', 'Hết hạn', '2024-02-18', NULL, 9, 1),
(100, '2024-03-31', '14:00:00', '17:00:00', '14:00-16:30', 'Hết hạn', '2024-02-18', NULL, 9, 1),
(101, '2024-03-31', '14:00:00', '17:00:00', '14:00-17:00', 'Hết hạn', '2024-02-18', NULL, 9, 1),
(102, '2024-03-31', '14:00:00', '17:00:00', '14:30-15:30', 'Hết hạn', '2024-02-18', NULL, 9, 1),
(103, '2024-03-31', '14:00:00', '17:00:00', '14:30-16:00', 'Hết hạn', '2024-02-18', NULL, 9, 1),
(104, '2024-03-31', '14:00:00', '17:00:00', '14:30-16:30', 'Hết hạn', '2024-02-18', NULL, 9, 1),
(105, '2024-03-31', '14:00:00', '17:00:00', '14:30-17:00', 'Hết hạn', '2024-02-18', NULL, 9, 1),
(106, '2024-03-31', '14:00:00', '17:00:00', '15:00-16:00', 'Hết hạn', '2024-02-18', NULL, 9, 1),
(107, '2024-03-31', '14:00:00', '17:00:00', '15:00-16:30', 'Hết hạn', '2024-02-18', NULL, 9, 1),
(108, '2024-03-31', '14:00:00', '17:00:00', '15:00-17:00', 'Hết hạn', '2024-02-18', NULL, 9, 1),
(109, '2024-03-31', '14:00:00', '17:00:00', '15:30-16:30', 'Hết hạn', '2024-02-18', NULL, 9, 1),
(110, '2024-03-31', '14:00:00', '17:00:00', '15:30-17:00', 'Hết hạn', '2024-02-18', NULL, 9, 1),
(111, '2024-03-31', '14:00:00', '17:00:00', '16:00-17:00', 'Hết hạn', '2024-02-18', NULL, 9, 1),
(112, '2024-03-14', '20:00:00', '22:00:00', '20:00-21:00', 'Hết hạn', '2024-02-18', NULL, 10, 1),
(113, '2024-03-14', '20:00:00', '22:00:00', '20:00-21:30', 'Hết hạn', '2024-02-18', NULL, 10, 1),
(114, '2024-03-14', '20:00:00', '22:00:00', '20:00-22:00', 'Hết hạn', '2024-02-18', NULL, 10, 1),
(115, '2024-03-14', '20:00:00', '22:00:00', '20:30-21:30', 'Hết hạn', '2024-02-18', NULL, 10, 1),
(116, '2024-03-14', '20:00:00', '22:00:00', '20:30-22:00', 'Hết hạn', '2024-02-18', NULL, 10, 1),
(117, '2024-03-14', '20:00:00', '22:00:00', '21:00-22:00', 'Hết hạn', '2024-02-18', NULL, 10, 1),
(118, '2024-03-10', '12:00:00', '14:00:00', '12:00-13:00', 'Hết hạn', '2024-02-18', NULL, 11, 1),
(119, '2024-03-10', '12:00:00', '14:00:00', '12:00-13:30', 'Hết hạn', '2024-02-18', NULL, 11, 1),
(120, '2024-03-10', '12:00:00', '14:00:00', '12:00-14:00', 'Hết hạn', '2024-02-18', NULL, 11, 1),
(121, '2024-03-10', '12:00:00', '14:00:00', '12:30-13:30', 'Hết hạn', '2024-02-18', NULL, 11, 1),
(122, '2024-03-10', '12:00:00', '14:00:00', '12:30-14:00', 'Hết hạn', '2024-02-18', NULL, 11, 1),
(123, '2024-03-10', '12:00:00', '14:00:00', '13:00-14:00', 'Hết hạn', '2024-02-18', NULL, 11, 1),
(124, '2024-04-04', '05:00:00', '08:00:00', '05:00-06:00', 'Hết hạn', '2024-02-18', NULL, 11, 1),
(125, '2024-04-04', '05:00:00', '08:00:00', '05:00-06:30', 'Hết hạn', '2024-02-18', NULL, 11, 1),
(126, '2024-04-04', '05:00:00', '08:00:00', '05:00-07:00', 'Hết hạn', '2024-02-18', NULL, 11, 1),
(127, '2024-04-04', '05:00:00', '08:00:00', '05:00-07:30', 'Hết hạn', '2024-02-18', NULL, 11, 1),
(128, '2024-04-04', '05:00:00', '08:00:00', '05:00-08:00', 'Hết hạn', '2024-02-18', NULL, 11, 1),
(129, '2024-04-04', '05:00:00', '08:00:00', '05:30-06:30', 'Hết hạn', '2024-02-18', NULL, 11, 1),
(130, '2024-04-04', '05:00:00', '08:00:00', '05:30-07:00', 'Hết hạn', '2024-02-18', NULL, 11, 1),
(131, '2024-04-04', '05:00:00', '08:00:00', '05:30-07:30', 'Hết hạn', '2024-02-18', NULL, 11, 1),
(132, '2024-04-04', '05:00:00', '08:00:00', '05:30-08:00', 'Hết hạn', '2024-02-18', NULL, 11, 1),
(133, '2024-04-04', '05:00:00', '08:00:00', '06:00-07:00', 'Hết hạn', '2024-02-18', NULL, 11, 1),
(134, '2024-04-04', '05:00:00', '08:00:00', '06:00-07:30', 'Hết hạn', '2024-02-18', NULL, 11, 1),
(135, '2024-04-04', '05:00:00', '08:00:00', '06:00-08:00', 'Hết hạn', '2024-02-18', NULL, 11, 1),
(136, '2024-04-04', '05:00:00', '08:00:00', '06:30-07:30', 'Hết hạn', '2024-02-18', NULL, 11, 1),
(137, '2024-04-04', '05:00:00', '08:00:00', '06:30-08:00', 'Hết hạn', '2024-02-18', NULL, 11, 1),
(138, '2024-04-04', '05:00:00', '08:00:00', '07:00-08:00', 'Hết hạn', '2024-02-18', NULL, 11, 1),
(139, '2024-04-15', '09:00:00', '11:00:00', '09:00-10:00', 'Đã đặt', '2024-02-18', NULL, 11, 1),
(140, '2024-04-15', '09:00:00', '11:00:00', '09:00-10:30', 'Hết hạn', '2024-02-18', NULL, 11, 1),
(141, '2024-04-15', '09:00:00', '11:00:00', '09:00-11:00', 'Hết hạn', '2024-02-18', NULL, 11, 1),
(142, '2024-04-15', '09:00:00', '11:00:00', '09:30-10:30', 'Hết hạn', '2024-02-18', NULL, 11, 1),
(143, '2024-04-15', '09:00:00', '11:00:00', '09:30-11:00', 'Hết hạn', '2024-02-18', NULL, 11, 1),
(144, '2024-04-15', '09:00:00', '11:00:00', '10:00-11:00', 'Đã đặt', '2024-02-18', NULL, 11, 1),
(145, '2024-03-24', '18:00:00', '20:30:00', '18:00-19:00', 'Hết hạn', '2024-02-18', NULL, 12, 1),
(146, '2024-03-24', '18:00:00', '20:30:00', '18:00-19:30', 'Hết hạn', '2024-02-18', NULL, 12, 1),
(147, '2024-03-24', '18:00:00', '20:30:00', '18:00-20:00', 'Hết hạn', '2024-02-18', NULL, 12, 1),
(148, '2024-03-24', '18:00:00', '20:30:00', '18:00-20:30', 'Hết hạn', '2024-02-18', NULL, 12, 1),
(149, '2024-03-24', '18:00:00', '20:30:00', '18:30-19:30', 'Hết hạn', '2024-02-18', NULL, 12, 1),
(150, '2024-03-24', '18:00:00', '20:30:00', '18:30-20:00', 'Hết hạn', '2024-02-18', NULL, 12, 1),
(151, '2024-03-24', '18:00:00', '20:30:00', '18:30-20:30', 'Hết hạn', '2024-02-18', NULL, 12, 1),
(152, '2024-03-24', '18:00:00', '20:30:00', '19:00-20:00', 'Hết hạn', '2024-02-18', NULL, 12, 1),
(153, '2024-03-24', '18:00:00', '20:30:00', '19:00-20:30', 'Hết hạn', '2024-02-18', NULL, 12, 1),
(154, '2024-03-24', '18:00:00', '20:30:00', '19:30-20:30', 'Hết hạn', '2024-02-18', NULL, 12, 1),
(155, '2024-04-01', '17:00:00', '19:00:00', '17:00-18:00', 'Hết hạn', '2024-02-18', NULL, 13, 1),
(156, '2024-04-01', '17:00:00', '19:00:00', '17:00-18:30', 'Hết hạn', '2024-02-18', NULL, 13, 1),
(157, '2024-04-01', '17:00:00', '19:00:00', '17:00-19:00', 'Hết hạn', '2024-02-18', NULL, 13, 1),
(158, '2024-04-01', '17:00:00', '19:00:00', '17:30-18:30', 'Hết hạn', '2024-02-18', NULL, 13, 1),
(159, '2024-04-01', '17:00:00', '19:00:00', '17:30-19:00', 'Hết hạn', '2024-02-18', NULL, 13, 1),
(160, '2024-04-01', '17:00:00', '19:00:00', '18:00-19:00', 'Hết hạn', '2024-02-18', NULL, 13, 1),
(161, '2024-04-01', '21:00:00', '23:30:00', '21:00-22:00', 'Hết hạn', '2024-02-18', NULL, 13, 1),
(162, '2024-04-01', '21:00:00', '23:30:00', '21:00-22:30', 'Hết hạn', '2024-02-18', NULL, 13, 1),
(163, '2024-04-01', '21:00:00', '23:30:00', '21:00-23:00', 'Hết hạn', '2024-02-18', NULL, 13, 1),
(164, '2024-04-01', '21:00:00', '23:30:00', '21:00-23:30', 'Hết hạn', '2024-02-18', NULL, 13, 1),
(165, '2024-04-01', '21:00:00', '23:30:00', '21:30-22:30', 'Hết hạn', '2024-02-18', NULL, 13, 1),
(166, '2024-04-01', '21:00:00', '23:30:00', '21:30-23:00', 'Hết hạn', '2024-02-18', NULL, 13, 1),
(167, '2024-04-01', '21:00:00', '23:30:00', '21:30-23:30', 'Hết hạn', '2024-02-18', NULL, 13, 1),
(168, '2024-04-01', '21:00:00', '23:30:00', '22:00-23:00', 'Hết hạn', '2024-02-18', NULL, 13, 1),
(169, '2024-04-01', '21:00:00', '23:30:00', '22:00-23:30', 'Hết hạn', '2024-02-18', NULL, 13, 1),
(170, '2024-04-01', '21:00:00', '23:30:00', '22:30-23:30', 'Hết hạn', '2024-02-18', NULL, 13, 1),
(171, '2024-04-06', '19:00:00', '20:30:00', '19:00-20:00', 'Hết hạn', '2024-02-18', NULL, 14, 1),
(172, '2024-04-06', '19:00:00', '20:30:00', '19:00-20:30', 'Hết hạn', '2024-02-18', NULL, 14, 1),
(173, '2024-04-06', '19:00:00', '20:30:00', '19:30-20:30', 'Hết hạn', '2024-02-18', NULL, 14, 1),
(174, '2024-04-18', '06:00:00', '08:00:00', '06:00-07:00', 'Chưa đặt', '2024-02-18', NULL, 14, 1),
(175, '2024-04-18', '06:00:00', '08:00:00', '06:00-07:30', 'Chưa đặt', '2024-02-18', NULL, 14, 1),
(176, '2024-04-18', '06:00:00', '08:00:00', '06:00-08:00', 'Chưa đặt', '2024-02-18', NULL, 14, 1),
(177, '2024-04-18', '06:00:00', '08:00:00', '06:30-07:30', 'Chưa đặt', '2024-02-18', NULL, 14, 1),
(178, '2024-04-18', '06:00:00', '08:00:00', '06:30-08:00', 'Chưa đặt', '2024-02-18', NULL, 14, 1),
(179, '2024-04-18', '06:00:00', '08:00:00', '07:00-08:00', 'Chưa đặt', '2024-02-18', NULL, 14, 1),
(180, '2024-04-22', '03:00:00', '05:00:00', '03:00-04:00', 'Chưa đặt', '2024-02-18', NULL, 15, 1),
(181, '2024-04-22', '03:00:00', '05:00:00', '03:00-04:30', 'Hết hạn', '2024-02-18', NULL, 15, 1),
(182, '2024-04-22', '03:00:00', '05:00:00', '03:00-05:00', 'Hết hạn', '2024-02-18', NULL, 15, 1),
(183, '2024-04-22', '03:00:00', '05:00:00', '03:30-04:30', 'Hết hạn', '2024-02-18', NULL, 15, 1),
(184, '2024-04-22', '03:00:00', '05:00:00', '03:30-05:00', 'Hết hạn', '2024-02-18', NULL, 15, 1),
(185, '2024-04-22', '03:00:00', '05:00:00', '04:00-05:00', 'Đã đặt', '2024-02-18', NULL, 15, 1),
(186, '2024-04-02', '22:00:00', '24:00:00', '22:00-23:00', 'Hết hạn', '2024-02-18', NULL, 16, 1),
(187, '2024-04-02', '22:00:00', '24:00:00', '22:00-23:30', 'Hết hạn', '2024-02-18', NULL, 16, 1),
(188, '2024-04-02', '22:00:00', '24:00:00', '22:00-24:00', 'Hết hạn', '2024-02-18', NULL, 16, 1),
(189, '2024-04-02', '22:00:00', '24:00:00', '22:30-23:30', 'Hết hạn', '2024-02-18', NULL, 16, 1),
(190, '2024-04-02', '22:00:00', '24:00:00', '22:30-24:00', 'Hết hạn', '2024-02-18', NULL, 16, 1),
(191, '2024-04-02', '22:00:00', '24:00:00', '23:00-24:00', 'Hết hạn', '2024-02-18', NULL, 16, 1),
(192, '2024-04-15', '15:00:00', '17:30:00', '15:00-16:00', 'Hết hạn', '2024-02-18', NULL, 16, 1),
(193, '2024-04-15', '15:00:00', '17:30:00', '15:00-16:30', 'Hết hạn', '2024-02-18', NULL, 16, 1),
(194, '2024-04-15', '15:00:00', '17:30:00', '15:00-17:00', 'Hết hạn', '2024-02-18', NULL, 16, 1),
(195, '2024-04-15', '15:00:00', '17:30:00', '15:00-17:30', 'Hết hạn', '2024-02-18', NULL, 16, 1),
(196, '2024-04-15', '15:00:00', '17:30:00', '15:30-16:30', 'Đã đặt', '2024-02-18', NULL, 16, 1),
(197, '2024-04-15', '15:00:00', '17:30:00', '15:30-17:00', 'Hết hạn', '2024-02-18', NULL, 16, 1),
(198, '2024-04-15', '15:00:00', '17:30:00', '15:30-17:30', 'Hết hạn', '2024-02-18', NULL, 16, 1),
(199, '2024-04-15', '15:00:00', '17:30:00', '16:00-17:00', 'Hết hạn', '2024-02-18', NULL, 16, 1),
(200, '2024-04-15', '15:00:00', '17:30:00', '16:00-17:30', 'Hết hạn', '2024-02-18', NULL, 16, 1),
(201, '2024-04-15', '15:00:00', '17:30:00', '16:30-17:30', 'Đã đặt', '2024-02-18', NULL, 16, 1),
(202, '2024-04-10', '01:00:00', '04:00:00', '01:00-02:00', 'Hết hạn', '2024-02-18', NULL, 17, 1),
(203, '2024-04-10', '01:00:00', '04:00:00', '01:00-02:30', 'Hết hạn', '2024-02-18', NULL, 17, 1),
(204, '2024-04-10', '01:00:00', '04:00:00', '01:00-03:00', 'Hết hạn', '2024-02-18', NULL, 17, 1),
(205, '2024-04-10', '01:00:00', '04:00:00', '01:00-03:30', 'Hết hạn', '2024-02-18', NULL, 17, 1),
(206, '2024-04-10', '01:00:00', '04:00:00', '01:00-04:00', 'Hết hạn', '2024-02-18', NULL, 17, 1),
(207, '2024-04-10', '01:00:00', '04:00:00', '01:30-02:30', 'Hết hạn', '2024-02-18', NULL, 17, 1),
(208, '2024-04-10', '01:00:00', '04:00:00', '01:30-03:00', 'Hết hạn', '2024-02-18', NULL, 17, 1),
(209, '2024-04-10', '01:00:00', '04:00:00', '01:30-03:30', 'Hết hạn', '2024-02-18', NULL, 17, 1),
(210, '2024-04-10', '01:00:00', '04:00:00', '01:30-04:00', 'Hết hạn', '2024-02-18', NULL, 17, 1),
(211, '2024-04-10', '01:00:00', '04:00:00', '02:00-03:00', 'Hết hạn', '2024-02-18', NULL, 17, 1),
(212, '2024-04-10', '01:00:00', '04:00:00', '02:00-03:30', 'Hết hạn', '2024-02-18', NULL, 17, 1),
(213, '2024-04-10', '01:00:00', '04:00:00', '02:00-04:00', 'Hết hạn', '2024-02-18', NULL, 17, 1),
(214, '2024-04-10', '01:00:00', '04:00:00', '02:30-03:30', 'Hết hạn', '2024-02-18', NULL, 17, 1),
(215, '2024-04-10', '01:00:00', '04:00:00', '02:30-04:00', 'Hết hạn', '2024-02-18', NULL, 17, 1),
(216, '2024-04-10', '01:00:00', '04:00:00', '03:00-04:00', 'Hết hạn', '2024-02-18', NULL, 17, 1),
(217, '2024-04-25', '07:00:00', '11:00:00', '07:00-08:00', 'Chưa đặt', '2024-02-18', NULL, 1, 1),
(218, '2024-04-25', '07:00:00', '11:00:00', '07:00-08:30', 'Chưa đặt', '2024-02-18', NULL, 1, 1),
(219, '2024-04-25', '07:00:00', '11:00:00', '07:00-09:00', 'Chưa đặt', '2024-02-18', NULL, 1, 1),
(220, '2024-04-25', '07:00:00', '11:00:00', '07:00-09:30', 'Chưa đặt', '2024-02-18', NULL, 1, 1),
(221, '2024-04-25', '07:00:00', '11:00:00', '07:00-10:00', 'Chưa đặt', '2024-02-18', NULL, 1, 1),
(222, '2024-04-25', '07:00:00', '11:00:00', '07:00-10:30', 'Chưa đặt', '2024-02-18', NULL, 1, 1),
(223, '2024-04-25', '07:00:00', '11:00:00', '07:00-11:00', 'Chưa đặt', '2024-02-18', NULL, 1, 1),
(224, '2024-04-25', '07:00:00', '11:00:00', '07:30-08:30', 'Chưa đặt', '2024-02-18', NULL, 1, 1),
(225, '2024-04-25', '07:00:00', '11:00:00', '07:30-09:00', 'Chưa đặt', '2024-02-18', NULL, 1, 1),
(226, '2024-04-25', '07:00:00', '11:00:00', '07:30-09:30', 'Chưa đặt', '2024-02-18', NULL, 1, 1),
(227, '2024-04-25', '07:00:00', '11:00:00', '07:30-10:00', 'Chưa đặt', '2024-02-18', NULL, 1, 1),
(228, '2024-04-25', '07:00:00', '11:00:00', '07:30-10:30', 'Chưa đặt', '2024-02-18', NULL, 1, 1),
(229, '2024-04-25', '07:00:00', '11:00:00', '07:30-11:00', 'Chưa đặt', '2024-02-18', NULL, 1, 1),
(230, '2024-04-25', '07:00:00', '11:00:00', '08:00-09:00', 'Chưa đặt', '2024-02-18', NULL, 1, 1),
(231, '2024-04-25', '07:00:00', '11:00:00', '08:00-09:30', 'Chưa đặt', '2024-02-18', NULL, 1, 1),
(232, '2024-04-25', '07:00:00', '11:00:00', '08:00-10:00', 'Chưa đặt', '2024-02-18', NULL, 1, 1),
(233, '2024-04-25', '07:00:00', '11:00:00', '08:00-10:30', 'Chưa đặt', '2024-02-18', NULL, 1, 1),
(234, '2024-04-25', '07:00:00', '11:00:00', '08:00-11:00', 'Chưa đặt', '2024-02-18', NULL, 1, 1),
(235, '2024-04-25', '07:00:00', '11:00:00', '08:30-09:30', 'Chưa đặt', '2024-02-18', NULL, 1, 1),
(236, '2024-04-25', '07:00:00', '11:00:00', '08:30-10:00', 'Chưa đặt', '2024-02-18', NULL, 1, 1),
(237, '2024-04-25', '07:00:00', '11:00:00', '08:30-10:30', 'Chưa đặt', '2024-02-18', NULL, 1, 1),
(238, '2024-04-25', '07:00:00', '11:00:00', '08:30-11:00', 'Chưa đặt', '2024-02-18', NULL, 1, 1),
(239, '2024-04-25', '07:00:00', '11:00:00', '09:00-10:00', 'Chưa đặt', '2024-02-18', NULL, 1, 1),
(240, '2024-04-25', '07:00:00', '11:00:00', '09:00-10:30', 'Chưa đặt', '2024-02-18', NULL, 1, 1),
(241, '2024-04-25', '07:00:00', '11:00:00', '09:00-11:00', 'Chưa đặt', '2024-02-18', NULL, 1, 1),
(242, '2024-04-25', '07:00:00', '11:00:00', '09:30-10:30', 'Chưa đặt', '2024-02-18', NULL, 1, 1),
(243, '2024-04-25', '07:00:00', '11:00:00', '09:30-11:00', 'Chưa đặt', '2024-02-18', NULL, 1, 1),
(244, '2024-04-25', '07:00:00', '11:00:00', '10:00-11:00', 'Chưa đặt', '2024-02-18', NULL, 1, 1),
(245, '2024-04-25', '07:00:00', '11:00:00', '07:00-08:00', 'Chưa đặt', '2024-02-18', NULL, 2, 1),
(246, '2024-04-25', '07:00:00', '11:00:00', '07:00-08:30', 'Chưa đặt', '2024-02-18', NULL, 2, 1),
(247, '2024-04-25', '07:00:00', '11:00:00', '07:00-09:00', 'Chưa đặt', '2024-02-18', NULL, 2, 1),
(248, '2024-04-25', '07:00:00', '11:00:00', '07:00-09:30', 'Chưa đặt', '2024-02-18', NULL, 2, 1),
(249, '2024-04-25', '07:00:00', '11:00:00', '07:00-10:00', 'Chưa đặt', '2024-02-18', NULL, 2, 1),
(250, '2024-04-25', '07:00:00', '11:00:00', '07:00-10:30', 'Chưa đặt', '2024-02-18', NULL, 2, 1),
(251, '2024-04-25', '07:00:00', '11:00:00', '07:00-11:00', 'Chưa đặt', '2024-02-18', NULL, 2, 1),
(252, '2024-04-25', '07:00:00', '11:00:00', '07:30-08:30', 'Chưa đặt', '2024-02-18', NULL, 2, 1),
(253, '2024-04-25', '07:00:00', '11:00:00', '07:30-09:00', 'Chưa đặt', '2024-02-18', NULL, 2, 1),
(254, '2024-04-25', '07:00:00', '11:00:00', '07:30-09:30', 'Chưa đặt', '2024-02-18', NULL, 2, 1),
(255, '2024-04-25', '07:00:00', '11:00:00', '07:30-10:00', 'Chưa đặt', '2024-02-18', NULL, 2, 1),
(256, '2024-04-25', '07:00:00', '11:00:00', '07:30-10:30', 'Chưa đặt', '2024-02-18', NULL, 2, 1),
(257, '2024-04-25', '07:00:00', '11:00:00', '07:30-11:00', 'Chưa đặt', '2024-02-18', NULL, 2, 1),
(258, '2024-04-25', '07:00:00', '11:00:00', '08:00-09:00', 'Chưa đặt', '2024-02-18', NULL, 2, 1),
(259, '2024-04-25', '07:00:00', '11:00:00', '08:00-09:30', 'Chưa đặt', '2024-02-18', NULL, 2, 1),
(260, '2024-04-25', '07:00:00', '11:00:00', '08:00-10:00', 'Chưa đặt', '2024-02-18', NULL, 2, 1),
(261, '2024-04-25', '07:00:00', '11:00:00', '08:00-10:30', 'Chưa đặt', '2024-02-18', NULL, 2, 1),
(262, '2024-04-25', '07:00:00', '11:00:00', '08:00-11:00', 'Chưa đặt', '2024-02-18', NULL, 2, 1),
(263, '2024-04-25', '07:00:00', '11:00:00', '08:30-09:30', 'Chưa đặt', '2024-02-18', NULL, 2, 1),
(264, '2024-04-25', '07:00:00', '11:00:00', '08:30-10:00', 'Chưa đặt', '2024-02-18', NULL, 2, 1),
(265, '2024-04-25', '07:00:00', '11:00:00', '08:30-10:30', 'Chưa đặt', '2024-02-18', NULL, 2, 1),
(266, '2024-04-25', '07:00:00', '11:00:00', '08:30-11:00', 'Chưa đặt', '2024-02-18', NULL, 2, 1),
(267, '2024-04-25', '07:00:00', '11:00:00', '09:00-10:00', 'Chưa đặt', '2024-02-18', NULL, 2, 1),
(268, '2024-04-25', '07:00:00', '11:00:00', '09:00-10:30', 'Chưa đặt', '2024-02-18', NULL, 2, 1),
(269, '2024-04-25', '07:00:00', '11:00:00', '09:00-11:00', 'Chưa đặt', '2024-02-18', NULL, 2, 1),
(270, '2024-04-25', '07:00:00', '11:00:00', '09:30-10:30', 'Chưa đặt', '2024-02-18', NULL, 2, 1),
(271, '2024-04-25', '07:00:00', '11:00:00', '09:30-11:00', 'Chưa đặt', '2024-02-18', NULL, 2, 1),
(272, '2024-04-25', '07:00:00', '11:00:00', '10:00-11:00', 'Chưa đặt', '2024-02-18', NULL, 2, 1),
(273, '2024-04-25', '07:00:00', '11:00:00', '07:00-08:00', 'Chưa đặt', '2024-02-18', NULL, 8, 1),
(274, '2024-04-25', '07:00:00', '11:00:00', '07:00-08:30', 'Chưa đặt', '2024-02-18', NULL, 8, 1),
(275, '2024-04-25', '07:00:00', '11:00:00', '07:00-09:00', 'Chưa đặt', '2024-02-18', NULL, 8, 1),
(276, '2024-04-25', '07:00:00', '11:00:00', '07:00-09:30', 'Chưa đặt', '2024-02-18', NULL, 8, 1),
(277, '2024-04-25', '07:00:00', '11:00:00', '07:00-10:00', 'Chưa đặt', '2024-02-18', NULL, 8, 1),
(278, '2024-04-25', '07:00:00', '11:00:00', '07:00-10:30', 'Chưa đặt', '2024-02-18', NULL, 8, 1),
(279, '2024-04-25', '07:00:00', '11:00:00', '07:00-11:00', 'Chưa đặt', '2024-02-18', NULL, 8, 1),
(280, '2024-04-25', '07:00:00', '11:00:00', '07:30-08:30', 'Chưa đặt', '2024-02-18', NULL, 8, 1),
(281, '2024-04-25', '07:00:00', '11:00:00', '07:30-09:00', 'Chưa đặt', '2024-02-18', NULL, 8, 1),
(282, '2024-04-25', '07:00:00', '11:00:00', '07:30-09:30', 'Chưa đặt', '2024-02-18', NULL, 8, 1),
(283, '2024-04-25', '07:00:00', '11:00:00', '07:30-10:00', 'Chưa đặt', '2024-02-18', NULL, 8, 1),
(284, '2024-04-25', '07:00:00', '11:00:00', '07:30-10:30', 'Chưa đặt', '2024-02-18', NULL, 8, 1),
(285, '2024-04-25', '07:00:00', '11:00:00', '07:30-11:00', 'Chưa đặt', '2024-02-18', NULL, 8, 1),
(286, '2024-04-25', '07:00:00', '11:00:00', '08:00-09:00', 'Chưa đặt', '2024-02-18', NULL, 8, 1),
(287, '2024-04-25', '07:00:00', '11:00:00', '08:00-09:30', 'Chưa đặt', '2024-02-18', NULL, 8, 1),
(288, '2024-04-25', '07:00:00', '11:00:00', '08:00-10:00', 'Chưa đặt', '2024-02-18', NULL, 8, 1),
(289, '2024-04-25', '07:00:00', '11:00:00', '08:00-10:30', 'Chưa đặt', '2024-02-18', NULL, 8, 1),
(290, '2024-04-25', '07:00:00', '11:00:00', '08:00-11:00', 'Chưa đặt', '2024-02-18', NULL, 8, 1),
(291, '2024-04-25', '07:00:00', '11:00:00', '08:30-09:30', 'Chưa đặt', '2024-02-18', NULL, 8, 1),
(292, '2024-04-25', '07:00:00', '11:00:00', '08:30-10:00', 'Chưa đặt', '2024-02-18', NULL, 8, 1),
(293, '2024-04-25', '07:00:00', '11:00:00', '08:30-10:30', 'Chưa đặt', '2024-02-18', NULL, 8, 1),
(294, '2024-04-25', '07:00:00', '11:00:00', '08:30-11:00', 'Chưa đặt', '2024-02-18', NULL, 8, 1),
(295, '2024-04-25', '07:00:00', '11:00:00', '09:00-10:00', 'Chưa đặt', '2024-02-18', NULL, 8, 1),
(296, '2024-04-25', '07:00:00', '11:00:00', '09:00-10:30', 'Chưa đặt', '2024-02-18', NULL, 8, 1),
(297, '2024-04-25', '07:00:00', '11:00:00', '09:00-11:00', 'Chưa đặt', '2024-02-18', NULL, 8, 1),
(298, '2024-04-25', '07:00:00', '11:00:00', '09:30-10:30', 'Chưa đặt', '2024-02-18', NULL, 8, 1),
(299, '2024-04-25', '07:00:00', '11:00:00', '09:30-11:00', 'Chưa đặt', '2024-02-18', NULL, 8, 1),
(300, '2024-04-25', '07:00:00', '11:00:00', '10:00-11:00', 'Chưa đặt', '2024-02-18', NULL, 8, 1),
(301, '2024-04-25', '07:00:00', '11:00:00', '07:00-08:00', 'Chưa đặt', '2024-02-18', NULL, 10, 1),
(302, '2024-04-25', '07:00:00', '11:00:00', '07:00-08:30', 'Chưa đặt', '2024-02-18', NULL, 10, 1),
(303, '2024-04-25', '07:00:00', '11:00:00', '07:00-09:00', 'Chưa đặt', '2024-02-18', NULL, 10, 1),
(304, '2024-04-25', '07:00:00', '11:00:00', '07:00-09:30', 'Chưa đặt', '2024-02-18', NULL, 10, 1),
(305, '2024-04-25', '07:00:00', '11:00:00', '07:00-10:00', 'Chưa đặt', '2024-02-18', NULL, 10, 1),
(306, '2024-04-25', '07:00:00', '11:00:00', '07:00-10:30', 'Chưa đặt', '2024-02-18', NULL, 10, 1),
(307, '2024-04-25', '07:00:00', '11:00:00', '07:00-11:00', 'Chưa đặt', '2024-02-18', NULL, 10, 1),
(308, '2024-04-25', '07:00:00', '11:00:00', '07:30-08:30', 'Chưa đặt', '2024-02-18', NULL, 10, 1),
(309, '2024-04-25', '07:00:00', '11:00:00', '07:30-09:00', 'Chưa đặt', '2024-02-18', NULL, 10, 1),
(310, '2024-04-25', '07:00:00', '11:00:00', '07:30-09:30', 'Chưa đặt', '2024-02-18', NULL, 10, 1),
(311, '2024-04-25', '07:00:00', '11:00:00', '07:30-10:00', 'Chưa đặt', '2024-02-18', NULL, 10, 1),
(312, '2024-04-25', '07:00:00', '11:00:00', '07:30-10:30', 'Chưa đặt', '2024-02-18', NULL, 10, 1),
(313, '2024-04-25', '07:00:00', '11:00:00', '07:30-11:00', 'Chưa đặt', '2024-02-18', NULL, 10, 1),
(314, '2024-04-25', '07:00:00', '11:00:00', '08:00-09:00', 'Chưa đặt', '2024-02-18', NULL, 10, 1),
(315, '2024-04-25', '07:00:00', '11:00:00', '08:00-09:30', 'Chưa đặt', '2024-02-18', NULL, 10, 1),
(316, '2024-04-25', '07:00:00', '11:00:00', '08:00-10:00', 'Chưa đặt', '2024-02-18', NULL, 10, 1),
(317, '2024-04-25', '07:00:00', '11:00:00', '08:00-10:30', 'Chưa đặt', '2024-02-18', NULL, 10, 1),
(318, '2024-04-25', '07:00:00', '11:00:00', '08:00-11:00', 'Chưa đặt', '2024-02-18', NULL, 10, 1),
(319, '2024-04-25', '07:00:00', '11:00:00', '08:30-09:30', 'Chưa đặt', '2024-02-18', NULL, 10, 1),
(320, '2024-04-25', '07:00:00', '11:00:00', '08:30-10:00', 'Chưa đặt', '2024-02-18', NULL, 10, 1),
(321, '2024-04-25', '07:00:00', '11:00:00', '08:30-10:30', 'Chưa đặt', '2024-02-18', NULL, 10, 1),
(322, '2024-04-25', '07:00:00', '11:00:00', '08:30-11:00', 'Chưa đặt', '2024-02-18', NULL, 10, 1),
(323, '2024-04-25', '07:00:00', '11:00:00', '09:00-10:00', 'Chưa đặt', '2024-02-18', NULL, 10, 1),
(324, '2024-04-25', '07:00:00', '11:00:00', '09:00-10:30', 'Chưa đặt', '2024-02-18', NULL, 10, 1),
(325, '2024-04-25', '07:00:00', '11:00:00', '09:00-11:00', 'Chưa đặt', '2024-02-18', NULL, 10, 1),
(326, '2024-04-25', '07:00:00', '11:00:00', '09:30-10:30', 'Chưa đặt', '2024-02-18', NULL, 10, 1),
(327, '2024-04-25', '07:00:00', '11:00:00', '09:30-11:00', 'Chưa đặt', '2024-02-18', NULL, 10, 1),
(328, '2024-04-25', '07:00:00', '11:00:00', '10:00-11:00', 'Chưa đặt', '2024-02-18', NULL, 10, 1),
(329, '2024-04-25', '07:00:00', '11:00:00', '07:00-08:00', 'Chưa đặt', '2024-02-18', NULL, 13, 1),
(330, '2024-04-25', '07:00:00', '11:00:00', '07:00-08:30', 'Chưa đặt', '2024-02-18', NULL, 13, 1),
(331, '2024-04-25', '07:00:00', '11:00:00', '07:00-09:00', 'Chưa đặt', '2024-02-18', NULL, 13, 1),
(332, '2024-04-25', '07:00:00', '11:00:00', '07:00-09:30', 'Chưa đặt', '2024-02-18', NULL, 13, 1),
(333, '2024-04-25', '07:00:00', '11:00:00', '07:00-10:00', 'Chưa đặt', '2024-02-18', NULL, 13, 1),
(334, '2024-04-25', '07:00:00', '11:00:00', '07:00-10:30', 'Chưa đặt', '2024-02-18', NULL, 13, 1),
(335, '2024-04-25', '07:00:00', '11:00:00', '07:00-11:00', 'Chưa đặt', '2024-02-18', NULL, 13, 1),
(336, '2024-04-25', '07:00:00', '11:00:00', '07:30-08:30', 'Chưa đặt', '2024-02-18', NULL, 13, 1),
(337, '2024-04-25', '07:00:00', '11:00:00', '07:30-09:00', 'Chưa đặt', '2024-02-18', NULL, 13, 1),
(338, '2024-04-25', '07:00:00', '11:00:00', '07:30-09:30', 'Chưa đặt', '2024-02-18', NULL, 13, 1),
(339, '2024-04-25', '07:00:00', '11:00:00', '07:30-10:00', 'Chưa đặt', '2024-02-18', NULL, 13, 1),
(340, '2024-04-25', '07:00:00', '11:00:00', '07:30-10:30', 'Chưa đặt', '2024-02-18', NULL, 13, 1),
(341, '2024-04-25', '07:00:00', '11:00:00', '07:30-11:00', 'Chưa đặt', '2024-02-18', NULL, 13, 1),
(342, '2024-04-25', '07:00:00', '11:00:00', '08:00-09:00', 'Chưa đặt', '2024-02-18', NULL, 13, 1),
(343, '2024-04-25', '07:00:00', '11:00:00', '08:00-09:30', 'Chưa đặt', '2024-02-18', NULL, 13, 1),
(344, '2024-04-25', '07:00:00', '11:00:00', '08:00-10:00', 'Chưa đặt', '2024-02-18', NULL, 13, 1),
(345, '2024-04-25', '07:00:00', '11:00:00', '08:00-10:30', 'Chưa đặt', '2024-02-18', NULL, 13, 1),
(346, '2024-04-25', '07:00:00', '11:00:00', '08:00-11:00', 'Chưa đặt', '2024-02-18', NULL, 13, 1),
(347, '2024-04-25', '07:00:00', '11:00:00', '08:30-09:30', 'Chưa đặt', '2024-02-18', NULL, 13, 1),
(348, '2024-04-25', '07:00:00', '11:00:00', '08:30-10:00', 'Chưa đặt', '2024-02-18', NULL, 13, 1),
(349, '2024-04-25', '07:00:00', '11:00:00', '08:30-10:30', 'Chưa đặt', '2024-02-18', NULL, 13, 1),
(350, '2024-04-25', '07:00:00', '11:00:00', '08:30-11:00', 'Chưa đặt', '2024-02-18', NULL, 13, 1),
(351, '2024-04-25', '07:00:00', '11:00:00', '09:00-10:00', 'Chưa đặt', '2024-02-18', NULL, 13, 1),
(352, '2024-04-25', '07:00:00', '11:00:00', '09:00-10:30', 'Chưa đặt', '2024-02-18', NULL, 13, 1),
(353, '2024-04-25', '07:00:00', '11:00:00', '09:00-11:00', 'Chưa đặt', '2024-02-18', NULL, 13, 1),
(354, '2024-04-25', '07:00:00', '11:00:00', '09:30-10:30', 'Chưa đặt', '2024-02-18', NULL, 13, 1),
(355, '2024-04-25', '07:00:00', '11:00:00', '09:30-11:00', 'Chưa đặt', '2024-02-18', NULL, 13, 1),
(356, '2024-04-25', '07:00:00', '11:00:00', '10:00-11:00', 'Chưa đặt', '2024-02-18', NULL, 13, 1),
(357, '2024-04-25', '07:00:00', '11:00:00', '07:00-08:00', 'Chưa đặt', '2024-02-18', NULL, 17, 1),
(358, '2024-04-25', '07:00:00', '11:00:00', '07:00-08:30', 'Chưa đặt', '2024-02-18', NULL, 17, 1),
(359, '2024-04-25', '07:00:00', '11:00:00', '07:00-09:00', 'Chưa đặt', '2024-02-18', NULL, 17, 1),
(360, '2024-04-25', '07:00:00', '11:00:00', '07:00-09:30', 'Chưa đặt', '2024-02-18', NULL, 17, 1),
(361, '2024-04-25', '07:00:00', '11:00:00', '07:00-10:00', 'Chưa đặt', '2024-02-18', NULL, 17, 1),
(362, '2024-04-25', '07:00:00', '11:00:00', '07:00-10:30', 'Chưa đặt', '2024-02-18', NULL, 17, 1),
(363, '2024-04-25', '07:00:00', '11:00:00', '07:00-11:00', 'Chưa đặt', '2024-02-18', NULL, 17, 1),
(364, '2024-04-25', '07:00:00', '11:00:00', '07:30-08:30', 'Chưa đặt', '2024-02-18', NULL, 17, 1),
(365, '2024-04-25', '07:00:00', '11:00:00', '07:30-09:00', 'Chưa đặt', '2024-02-18', NULL, 17, 1),
(366, '2024-04-25', '07:00:00', '11:00:00', '07:30-09:30', 'Chưa đặt', '2024-02-18', NULL, 17, 1),
(367, '2024-04-25', '07:00:00', '11:00:00', '07:30-10:00', 'Chưa đặt', '2024-02-18', NULL, 17, 1),
(368, '2024-04-25', '07:00:00', '11:00:00', '07:30-10:30', 'Chưa đặt', '2024-02-18', NULL, 17, 1),
(369, '2024-04-25', '07:00:00', '11:00:00', '07:30-11:00', 'Chưa đặt', '2024-02-18', NULL, 17, 1),
(370, '2024-04-25', '07:00:00', '11:00:00', '08:00-09:00', 'Chưa đặt', '2024-02-18', NULL, 17, 1),
(371, '2024-04-25', '07:00:00', '11:00:00', '08:00-09:30', 'Chưa đặt', '2024-02-18', NULL, 17, 1),
(372, '2024-04-25', '07:00:00', '11:00:00', '08:00-10:00', 'Chưa đặt', '2024-02-18', NULL, 17, 1),
(373, '2024-04-25', '07:00:00', '11:00:00', '08:00-10:30', 'Chưa đặt', '2024-02-18', NULL, 17, 1),
(374, '2024-04-25', '07:00:00', '11:00:00', '08:00-11:00', 'Chưa đặt', '2024-02-18', NULL, 17, 1),
(375, '2024-04-25', '07:00:00', '11:00:00', '08:30-09:30', 'Chưa đặt', '2024-02-18', NULL, 17, 1),
(376, '2024-04-25', '07:00:00', '11:00:00', '08:30-10:00', 'Chưa đặt', '2024-02-18', NULL, 17, 1),
(377, '2024-04-25', '07:00:00', '11:00:00', '08:30-10:30', 'Chưa đặt', '2024-02-18', NULL, 17, 1),
(378, '2024-04-25', '07:00:00', '11:00:00', '08:30-11:00', 'Chưa đặt', '2024-02-18', NULL, 17, 1),
(379, '2024-04-25', '07:00:00', '11:00:00', '09:00-10:00', 'Chưa đặt', '2024-02-18', NULL, 17, 1),
(380, '2024-04-25', '07:00:00', '11:00:00', '09:00-10:30', 'Chưa đặt', '2024-02-18', NULL, 17, 1),
(381, '2024-04-25', '07:00:00', '11:00:00', '09:00-11:00', 'Chưa đặt', '2024-02-18', NULL, 17, 1),
(382, '2024-04-25', '07:00:00', '11:00:00', '09:30-10:30', 'Chưa đặt', '2024-02-18', NULL, 17, 1),
(383, '2024-04-25', '07:00:00', '11:00:00', '09:30-11:00', 'Chưa đặt', '2024-02-18', NULL, 17, 1),
(384, '2024-04-25', '07:00:00', '11:00:00', '10:00-11:00', 'Chưa đặt', '2024-02-18', NULL, 17, 1);

-- --------------------------------------------------------

--
-- Cấu trúc bảng cho bảng `court_type`
--

CREATE TABLE `court_type` (
  `court_type_id` int(11) NOT NULL,
  `court_type_name` varchar(100) NOT NULL,
  `court_type_icon` varchar(100) NOT NULL,
  `court_type_state` varchar(20) NOT NULL,
  `created_on_date` timestamp NOT NULL DEFAULT current_timestamp(),
  `last_modified_date` timestamp NOT NULL DEFAULT current_timestamp() ON UPDATE current_timestamp(),
  `account_id` int(11) NOT NULL
) ENGINE=InnoDB DEFAULT CHARSET=utf8 COLLATE=utf8_unicode_ci;

--
-- Đang đổ dữ liệu cho bảng `court_type`
--

INSERT INTO `court_type` (`court_type_id`, `court_type_name`, `court_type_icon`, `court_type_state`, `created_on_date`, `last_modified_date`, `account_id`) VALUES
(1, 'Bóng đá', '../upload/sport-court-types-management/court-type-1.png', 'Chưa xóa', '2024-02-18 00:00:00', '2024-04-10 05:28:34', 1),
(2, 'Bóng chuyền', '../upload/sport-court-types-management/court-type-2.png', 'Chưa xóa', '2024-02-18 00:00:00', '2024-04-10 05:28:34', 1),
(3, 'Bóng rổ', '../upload/sport-court-types-management/court-type-3.png', 'Chưa xóa', '2024-02-18 00:00:00', '2024-04-10 05:28:34', 1),
(4, 'Cầu lông', '../upload/sport-court-types-management/court-type-4.png', 'Chưa xóa', '2024-02-18 00:00:00', '2024-04-10 05:28:34', 1),
(5, 'Tennis', '../upload/sport-court-types-management/court-type-5.png', 'Chưa xóa', '2024-02-18 00:00:00', '2024-04-10 05:28:34', 1);

-- --------------------------------------------------------

--
-- Cấu trúc bảng cho bảng `customer`
--

CREATE TABLE `customer` (
  `customer_id` int(11) NOT NULL,
  `customer_fullname` varchar(100) DEFAULT NULL,
  `customer_email_address` varchar(500) DEFAULT NULL,
  `customer_phone_number` char(10) DEFAULT NULL,
  `customer_gender` varchar(5) DEFAULT NULL,
  `account_id` int(11) NOT NULL,
  `customer_date_of_birth` date DEFAULT NULL,
  `created_on_date` date NOT NULL
) ENGINE=InnoDB DEFAULT CHARSET=utf8 COLLATE=utf8_unicode_ci;

--
-- Đang đổ dữ liệu cho bảng `customer`
--

INSERT INTO `customer` (`customer_id`, `customer_fullname`, `customer_email_address`, `customer_phone_number`, `customer_gender`, `account_id`, `customer_date_of_birth`, `created_on_date`) VALUES
(1, 'Nguyễn Hoàng Mỹ Duyên', 'nguyenhoangmyduyen213@gmail.com', '0929788891', 'Nữ', 2, '2003-12-22', '2024-02-18'),
(2, 'Trần Thùy Duyên', 'tranduyen06@gmail.com', '0773450611', 'Nữ', 3, '2003-11-06', '2024-02-18'),
(3, 'Trương Gia Hào', 'hao2805@gmail.com', '0939588290', 'Nam', 4, '2003-05-28', '2024-02-18'),
(4, 'Nguyễn Ngọc Hoàng', 'hoangnguyen1511@gmail.com', '0797048368', 'Nam', 5, '2003-11-15', '2024-02-18'),
(5, 'Phạm Thị Hồng Ngọc', 'pthongngoc@gmail.com', '0336962772', 'Nữ', 6, '2003-10-03', '2024-02-18'),
(6, 'Trần Nguyễn Ngọc Phát', 'phattran180603@gmail.com', '0986385282', 'Nam', 7, '2003-06-18', '2024-02-18'),
(7, 'Lê Minh Thùy', 'thuyle@gmail.com', '0886908819', 'Nữ', 8, '2003-11-02', '2024-02-18'),
(8, 'Trương Minh Tiến', 'tientruongminh@gmail.com', '0919966456', 'Nam', 9, '2003-07-30', '2024-02-18');

-- --------------------------------------------------------

--
-- Cấu trúc bảng cho bảng `order_service_detail`
--

CREATE TABLE `order_service_detail` (
  `court_order_id` int(11) NOT NULL,
  `service_id` int(11) NOT NULL,
  `order_item_service_quantity` int(11) NOT NULL,
  `order_item_total_service_price` float(10,0) NOT NULL
) ENGINE=InnoDB DEFAULT CHARSET=utf8 COLLATE=utf8_unicode_ci;

--
-- Đang đổ dữ liệu cho bảng `order_service_detail`
--

INSERT INTO `order_service_detail` (`court_order_id`, `service_id`, `order_item_service_quantity`, `order_item_total_service_price`) VALUES
(1, 17, 1, 150000),
(1, 18, 2, 200000),
(2, 21, 1, 100000),
(8, 4, 2, 160000),
(10, 1, 1, 150000),
(11, 21, 3, 300000),
(11, 22, 3, 240000),
(11, 23, 1, 150000),
(14, 27, 2, 200000),
(15, 1, 1, 150000),
(15, 2, 1, 200000),
(16, 10, 2, 160000),
(17, 1, 1, 150000),
(18, 1, 2, 300000),
(18, 6, 1, 100000),
(21, 1, 1, 150000),
(22, 6, 1, 100000),
(22, 21, 1, 150000),
(23, 1, 1, 150000),
(24, 1, 1, 150000),
(24, 7, 1, 250000),
(25, 6, 1, 100000),
(26, 23, 1, 150000);

-- --------------------------------------------------------

--
-- Cấu trúc bảng cho bảng `respond`
--

CREATE TABLE `respond` (
  `respond_id` int(11) NOT NULL,
  `respond_content` varchar(2000) NOT NULL,
  `created_on_date` date NOT NULL,
  `comment_id` int(11) DEFAULT NULL,
  `respond_respond_id` int(11) DEFAULT NULL,
  `account_id` int(11) NOT NULL
) ENGINE=InnoDB DEFAULT CHARSET=utf8 COLLATE=utf8_unicode_ci;

--
-- Đang đổ dữ liệu cho bảng `respond`
--

INSERT INTO `respond` (`respond_id`, `respond_content`, `created_on_date`, `comment_id`, `respond_respond_id`, `account_id`) VALUES
(1, 'Chào bạn, sân bóng của khu liên hợp thể thao xài là loại cỏ Paspalum. Loại cỏ này có khả năng bao phủ tuyệt vời, chịu giẫm đạp tốt và phục hồi nhanh sau tổn thương', '2024-02-21', 1, NULL, 1),
(2, 'Chào bạn, sân thể thao của khu liên hợp thể thao có các mức giá thuê dao động ở các ngày trong tuần và cuối tuần, mức giá thuê sân cuối tuần sẽ cao hơn mức giá thuê trong tuần. Nhưng bạn đừng lo lắng, khu liên hợp có rất nhiều sự kiện ưu đãi giảm giá cho khách hàng', '2024-02-22', 3, NULL, 1),
(3, 'Quào, cỏ loại này đá sướng phải biết', '2024-02-22', NULL, 1, 3),
(4, 'Chào bạn, thời gian mở cửa của khu liên hợp thể thao thay đổi linh hoạt mỗi tuần', '2024-03-13', 4, NULL, 1),
(5, 'Chào bạn, hiện tại, khu liên hợp thể thao đang có các dịch vụ cho thuê đồ thể thao bao gồm: đồng phục và giày', '2024-02-26', 7, NULL, 1),
(6, 'Chào bạn, hiện tại, khu liên hợp có chính sách hủy đơn đã đặt như sau: Nếu như bạn đã đặt lịch sân và thanh toán tiền cọc, thì khi bạn hủy sân, bạn sẽ bị mất tiền cọc. Nếu như lịch sân bị hủy do khu liên hợp, thì bạn sẽ được hoàn trả lại toàn bộ tiền cọc đã thanh toán', '2024-02-23', 8, NULL, 1),
(7, 'Chào bạn, hiện tại, khu liên hợp thể thao có sự kiện ưu đãi giảm giá cho khách hàng đặt lịch sân vào khung giờ cố định lâu dài lên đến 5%.', '2024-02-29', 11, NULL, 1),
(8, 'Chào bạn, hiện tại, khu liên hợp thể thao đang có các dịch vụ cho thuê đồ thể thao bao gồm: đồng phục và giày', '2024-02-21', 13, NULL, 1),
(9, 'Em cảm ơn ạ', '2024-02-27', NULL, 5, 7),
(10, 'Chào bạn, sân thể thao ở khu liên hợp NTP luôn được bảo dưỡng thường xuyên, do đó đều rất mới và sạch sẽ', '2024-02-20', 15, NULL, 1),
(11, 'Chào bạn, bạn có thể liên hệ đặt sân trực tiếp thông qua số điện thoại 0903799386', '2024-03-15', 16, NULL, 1),
(12, 'Chào bạn, nếu như bạn đặt sân một khung giờ cố định hàng tuần, thì từ tuần thứ 4 trở đi, bạn sẽ nhận được ưu đãi giảm giá 5% cho lần đặt sân ở tuần thứ 5 và các tuần kế tiếp', '2024-03-19', 18, NULL, 1),
(13, 'Chào bạn, khu liên hợp thể thao NTP có nhà vệ sinh, sau khi tập luyện, bạn có thể tắm và thay đồ', '2024-03-13', 20, NULL, 1),
(14, 'Chào bạn, khu liên hợp thể thao NTP hiện tại chưa có dịch vụ giặt ủi quần áo', '2024-02-28', 24, NULL, 1),
(15, 'Chào bạn, đối với các sân thể thao trong nhà, khu liên hợp thể thao có trang bị máy thông gió giúp không khí luôn mát mẻ và dễ chịu. Về nước uống, bạn có thể đặt mua cho đội của bạn trong phần chọn dịch vụ với giá chỉ 100000đ một thùng 24 chai', '2024-03-23', 27, NULL, 1),
(16, 'Chào bạn, khu liên hợp thể thao NTP hiện tại chưa có dịch vụ giữ trẻ', '2024-02-25', 29, NULL, 1),
(17, 'Chào bạn, nếu bạn đặt sân vào một khung giờ mỗi tuần trong suốt cả năm thì bạn sẽ được áp dụng sự kiện “Ưu đãi giờ cố định lâu dài” với tỷ lệ ưu đãi lên đến 5% trên tổng tiền thanh toán của đơn đặt sân. Khu liên hợp thể thao NTP cảm ơn bạn đã quan tâm và bình luận.', '2024-03-23', 30, NULL, 1);

-- --------------------------------------------------------

--
-- Cấu trúc bảng cho bảng `review`
--

CREATE TABLE `review` (
  `review_id` int(11) NOT NULL,
  `review_star_rate` int(11) NOT NULL,
  `review_content` varchar(1000) NOT NULL,
  `created_on_date` date NOT NULL,
  `court_schedule_id` int(11) NOT NULL,
  `account_id` int(11) NOT NULL
) ENGINE=InnoDB DEFAULT CHARSET=utf8 COLLATE=utf8_unicode_ci;

--
-- Đang đổ dữ liệu cho bảng `review`
--

INSERT INTO `review` (`review_id`, `review_star_rate`, `review_content`, `created_on_date`, `court_schedule_id`, `account_id`) VALUES
(1, 4, 'Sân quá chất lượng', '2024-03-21', 147, 2),
(2, 5, 'Sân này rất sạch sẽ và tiện nghi', '2024-03-22', 144, 2),
(3, 3, 'Dịch vụ tại sân thể thao này tuyệt vời', '2024-02-19', 139, 2),
(4, 3, 'Không gian tập luyện rộng rãi và thoáng đãng', '2024-03-16', 166, 3),
(5, 5, 'Sân này có đủ thiết bị', '2024-03-22', 124, 3),
(6, 4, 'Sân thể thao này có không gian mở, rất thoải mái', '2024-02-20', 185, 3),
(7, 4, 'Đội ngũ nhân viên thân thiện và nhiệt tình', '2024-03-11', 3, 4),
(8, 5, 'Giá cả hợp lý, phù hợp với chất lượng dịch vụ', '2024-03-15', 9, 4),
(9, 4, 'Thời gian mở cửa linh hoạt, thuận tiện cho việc tập luyện', '2024-02-18', 201, 5),
(10, 3, 'An toàn và sạch sẽ, phù hợp cho cả gia đình', '2024-03-23', 202, 5),
(11, 4, 'Cơ sở vật chất hiện đại và mới mẻ', '2024-02-24', 211, 5),
(12, 5, 'Sân thể thao này cung cấp nhiều lựa chọn về hoạt động', '2024-02-26', 11, 6),
(13, 3, 'Không gian lý tưởng cho việc tập luyện', '2024-03-12', 91, 6),
(14, 4, 'Sân này đáng giá mọi xu để trải nghiệm', '2024-03-05', 73, 7),
(15, 3, 'Có nhiều hoạt động thể thao khác nhau', '2024-02-23', 40, 7),
(16, 4, 'Thường xuyên bảo dưỡng và bảo trì cẩn thận', '2024-03-17', 49, 7),
(17, 4, 'Sân thể thao này rất tiện lợi cho việc tập luyện hàng ngày', '2024-02-22', 55, 7),
(18, 5, 'Địa điểm này là lựa chọn tuyệt vời cho sức khỏe và thể chất của bạn', '2024-02-27', 111, 8),
(19, 5, 'Không gian phòng tập rộng rãi và thoải mái', '2024-03-14', 160, 9),
(20, 4, 'Các hoạt động tập thể đa dạng và hấp dẫn', '2024-03-03', 117, 9);

-- --------------------------------------------------------

--
-- Cấu trúc bảng cho bảng `service`
--

CREATE TABLE `service` (
  `service_id` int(11) NOT NULL,
  `service_name` varchar(100) NOT NULL,
  `service_description` varchar(200) NOT NULL,
  `service_price` float(10,0) NOT NULL,
  `service_unit` varchar(15) NOT NULL,
  `service_state` varchar(20) NOT NULL,
  `created_on_date` date NOT NULL,
  `last_modified_date` date DEFAULT NULL,
  `court_type_id` int(11) NOT NULL,
  `account_id` int(11) NOT NULL
) ENGINE=InnoDB DEFAULT CHARSET=utf8 COLLATE=utf8_unicode_ci;

--
-- Đang đổ dữ liệu cho bảng `service`
--

INSERT INTO `service` (`service_id`, `service_name`, `service_description`, `service_price`, `service_unit`, `service_state`, `created_on_date`, `last_modified_date`, `court_type_id`, `account_id`) VALUES
(1, 'Trọng tài', 'Chúng tôi cung cấp các trọng tài chuyên nghiệp, đảm bảo tính công bằng và tuân thủ trong suốt trận đấu của bạn', 150000, 'người', 'Chưa xóa', '2024-02-18', NULL, 1, 1),
(2, 'Thủ môn', 'Một thủ môn chuyên nghiệp để bảo vệ lưới của bạn. Chúng tôi cung cấp những người chơi có kỹ năng cao giúp bạn phòng thủ tuyệt đối trong trận đấu', 200000, 'người', 'Chưa xóa', '2024-02-18', NULL, 1, 1),
(3, 'Đồng phục', 'Tạo sự đồng đều và sự nhận diện cho đội bóng của bạn với các bộ đồng phục đội', 100000, 'bộ', 'Chưa xóa', '2024-02-18', NULL, 1, 1),
(4, 'Giày', 'Các cầu thủ cần những đôi giày thể thao có chất lượng cao để tăng hiệu suất và giành chiến thắng', 80000, 'đôi', 'Chưa xóa', '2024-02-18', NULL, 1, 1),
(5, 'Chụp hình', 'Lưu lại những khoảnh khắc đáng nhớ trong trận đấu của bạn bằng dịch vụ chụp hình chuyên nghiệp', 150000, 'người', 'Chưa xóa', '2024-02-18', NULL, 1, 1),
(6, 'Nước suối', 'Để duy trì sự tươi mát và sức khoẻ cho các cầu thủ, chúng tôi cung cấp nước suối tinh khiết', 100000, 'thùng', 'Chưa xóa', '2024-02-18', NULL, 1, 1),
(7, 'Bia', 'Bia cao cấp mang hương vị đặc trưng từ lúa mạch chọn lọc đánh thức sự mạnh mẽ từ bên trong', 250000, 'thùng', 'Chưa xóa', '2024-02-18', NULL, 1, 1),
(8, 'Khăn lau', 'Khăn lau mặt đa năng với chất liệu siêu mềm mại và khả năng thấm hút tuyệt vời', 10000, 'cái', 'Chưa xóa', '2024-02-18', NULL, 1, 1),
(9, 'Đồng phục', 'Tạo sự đồng đều và sự nhận diện cho đội bóng của bạn với các bộ đồng phục đội', 100000, 'bộ', 'Chưa xóa', '2024-02-18', NULL, 2, 1),
(10, 'Giày', 'Các cầu thủ cần những đôi giày thể thao có chất lượng cao để tăng hiệu suất và giành chiến thắng', 80000, 'đôi', 'Chưa xóa', '2024-02-18', NULL, 2, 1),
(11, 'Chụp hình', 'Lưu lại những khoảnh khắc đáng nhớ trong trận đấu của bạn bằng dịch vụ chụp hình chuyên nghiệp', 150000, 'người', 'Chưa xóa', '2024-02-18', NULL, 2, 1),
(12, 'Nước suối', 'Để duy trì sự tươi mát và sức khoẻ cho các cầu thủ, chúng tôi cung cấp nước suối tinh khiết', 100000, 'thùng', 'Chưa xóa', '2024-02-18', NULL, 2, 1),
(13, 'Bia', 'Bia cao cấp mang hương vị đặc trưng từ lúa mạch chọn lọc đánh thức sự mạnh mẽ từ bên trong', 250000, 'thùng', 'Chưa xóa', '2024-02-18', NULL, 2, 1),
(14, 'Khăn lau', 'Khăn lau mặt đa năng với chất liệu siêu mềm mại và khả năng thấm hút tuyệt vời', 10000, 'cái', 'Chưa xóa', '2024-02-18', NULL, 2, 1),
(15, 'Đồng phục', 'Tạo sự đồng đều và sự nhận diện cho đội bóng của bạn với các bộ đồng phục đội', 100000, 'bộ', 'Chưa xóa', '2024-02-18', NULL, 3, 1),
(16, 'Giày', 'Các cầu thủ cần những đôi giày thể thao có chất lượng cao để tăng hiệu suất và giành chiến thắng', 80000, 'đôi', 'Chưa xóa', '2024-02-18', NULL, 3, 1),
(17, 'Chụp hình', 'Lưu lại những khoảnh khắc đáng nhớ trong trận đấu của bạn bằng dịch vụ chụp hình chuyên nghiệp', 150000, 'người', 'Chưa xóa', '2024-02-18', NULL, 3, 1),
(18, 'Nước suối', 'Để duy trì sự tươi mát và sức khoẻ cho các cầu thủ, chúng tôi cung cấp nước suối tinh khiết', 100000, 'thùng', 'Chưa xóa', '2024-02-18', NULL, 3, 1),
(19, 'Bia', 'Bia cao cấp mang hương vị đặc trưng từ lúa mạch chọn lọc đánh thức sự mạnh mẽ từ bên trong', 250000, 'thùng', 'Chưa xóa', '2024-02-18', NULL, 3, 1),
(20, 'Khăn lau', 'Khăn lau mặt đa năng với chất liệu siêu mềm mại và khả năng thấm hút tuyệt vời', 10000, 'cái', 'Chưa xóa', '2024-02-18', NULL, 3, 1),
(21, 'Đồng phục', 'Tạo sự đồng đều và sự nhận diện cho đội bóng của bạn với các bộ đồng phục đội', 100000, 'bộ', 'Chưa xóa', '2024-02-18', NULL, 4, 1),
(22, 'Giày', 'Các cầu thủ cần những đôi giày thể thao có chất lượng cao để tăng hiệu suất và giành chiến thắng', 80000, 'đôi', 'Chưa xóa', '2024-02-18', NULL, 4, 1),
(23, 'Chụp hình', 'Lưu lại những khoảnh khắc đáng nhớ trong trận đấu của bạn bằng dịch vụ chụp hình chuyên nghiệp', 150000, 'người', 'Chưa xóa', '2024-02-18', NULL, 4, 1),
(24, 'Nước suối', 'Để duy trì sự tươi mát và sức khoẻ cho các cầu thủ, chúng tôi cung cấp nước suối tinh khiết', 100000, 'thùng', 'Chưa xóa', '2024-02-18', NULL, 4, 1),
(25, 'Bia', 'Bia cao cấp mang hương vị đặc trưng từ lúa mạch chọn lọc đánh thức sự mạnh mẽ từ bên trong', 250000, 'thùng', 'Chưa xóa', '2024-02-18', NULL, 4, 1),
(26, 'Khăn lau', 'Khăn lau mặt đa năng với chất liệu siêu mềm mại và khả năng thấm hút tuyệt vời', 10000, 'cái', 'Chưa xóa', '2024-02-18', NULL, 4, 1),
(27, 'Đồng phục', 'Tạo sự đồng đều và sự nhận diện cho đội bóng của bạn với các bộ đồng phục đội', 100000, 'bộ', 'Chưa xóa', '2024-02-18', NULL, 5, 1),
(28, 'Giày', 'Các cầu thủ cần những đôi giày thể thao có chất lượng cao để tăng hiệu suất và giành chiến thắng', 80000, 'đôi', 'Chưa xóa', '2024-02-18', NULL, 5, 1),
(29, 'Chụp hình', 'Lưu lại những khoảnh khắc đáng nhớ trong trận đấu của bạn bằng dịch vụ chụp hình chuyên nghiệp', 150000, 'người', 'Chưa xóa', '2024-02-18', NULL, 5, 1),
(30, 'Nước suối', 'Để duy trì sự tươi mát và sức khoẻ cho các cầu thủ, chúng tôi cung cấp nước suối tinh khiết', 100000, 'thùng', 'Chưa xóa', '2024-02-18', NULL, 5, 1),
(31, 'Bia', 'Bia cao cấp mang hương vị đặc trưng từ lúa mạch chọn lọc đánh thức sự mạnh mẽ từ bên trong', 250000, 'thùng', 'Chưa xóa', '2024-02-18', NULL, 5, 1),
(32, 'Khăn lau', 'Khăn lau mặt đa năng với chất liệu siêu mềm mại và khả năng thấm hút tuyệt vời', 10000, 'cái', 'Chưa xóa', '2024-02-18', NULL, 5, 1);

-- --------------------------------------------------------

--
-- Cấu trúc bảng cho bảng `sport_hub_event`
--

CREATE TABLE `sport_hub_event` (
  `event_id` int(11) NOT NULL,
  `event_name` varchar(1000) NOT NULL,
  `event_start_date` date NOT NULL,
  `event_end_date` date NOT NULL,
  `event_description` varchar(2000) NOT NULL,
  `event_image` varchar(100) NOT NULL,
  `event_preferential_rate` int(11) DEFAULT NULL,
  `event_preferential_item` varchar(100) DEFAULT NULL,
  `event_state` varchar(20) NOT NULL,
  `created_on_date` date NOT NULL,
  `last_modified_date` date DEFAULT NULL,
  `account_id` int(11) NOT NULL
) ENGINE=InnoDB DEFAULT CHARSET=utf8 COLLATE=utf8_unicode_ci;

--
-- Đang đổ dữ liệu cho bảng `sport_hub_event`
--

INSERT INTO `sport_hub_event` (`event_id`, `event_name`, `event_start_date`, `event_end_date`, `event_description`, `event_image`, `event_preferential_rate`, `event_preferential_item`, `event_state`, `created_on_date`, `last_modified_date`, `account_id`) VALUES
(1, 'Ưu đãi giờ cố định lâu dài', '2024-01-01', '2100-02-18', 'Dành cho các đội đặt sân khung giờ cố định và lâu dài', '../upload/event-management/event-1.svg', 5, NULL, 'Còn hạn', '2024-02-18', NULL, 1),
(2, 'Ưu đãi học sinh, sinh viên', '2024-01-01', '2100-02-18', 'Học sinh, sinh viên đặt sân sẽ được giá ưu đãi giảm đến 10%', '../upload/event-management/event-2.svg', 10, NULL, 'Còn hạn', '2024-02-18', NULL, 1),
(3, 'Ưu đãi giải đấu phong trào', '2024-01-01', '2100-02-18', 'Các tổ chức giải phủi, giải đấu phong trào khi đặt sân sẽ được giá ưu đãi giảm đến 15%', '../upload/event-management/event-3.svg', 15, NULL, 'Còn hạn', '2024-02-18', NULL, 1),
(4, 'Ưu đãi đón xuân 2024 (nhỏ)', '2024-01-01', '2024-02-18', 'Đặt sân thể thao nhân dịp cuối năm sẽ được tặng 1 lốc nước suối trị giá 100.000 VNĐ', '../upload/event-management/event-4.svg', 0, '1 lốc nước suối', 'Hết hạn', '2024-02-18', NULL, 1),
(5, 'Ưu đãi đón xuân 2024 (vừa)', '2024-01-01', '2024-02-18', 'Đặt sân thể thao nhân dịp cuối năm sẽ được tặng 2 lốc nước suối trị giá 200.000 VNĐ', '../upload/event-management/event-5.svg', 0, '2 lốc nước suối', 'Hết hạn', '2024-02-18', NULL, 1),
(6, 'Ưu đãi đón xuân 2024 (lớn)', '2024-01-01', '2024-02-18', 'Đặt sân thể thao nhân dịp cuối năm sẽ được tặng 1 thùng bia trị giá 250.000 VNĐ', '../upload/event-management/event-6.svg', 0, '1 thùng bia', 'Hết hạn', '2024-02-18', NULL, 1);

-- --------------------------------------------------------

--
-- Cấu trúc bảng cho bảng `visitor`
--

CREATE TABLE `visitor` (
  `visitor_id` int(11) NOT NULL,
  `visitor_IP_address` varchar(255) NOT NULL,
  `created_on_date` timestamp NOT NULL DEFAULT current_timestamp()
) ENGINE=InnoDB DEFAULT CHARSET=utf8 COLLATE=utf8_unicode_ci;

--
-- Đang đổ dữ liệu cho bảng `visitor`
--

INSERT INTO `visitor` (`visitor_id`, `visitor_IP_address`, `created_on_date`) VALUES
(1, '192.168.1.1', '2024-09-13'),
(2, '10.0.0.1', '2024-09-14'),
(3, '172.16.0.1', '2024-09-15'),
(4, '192.0.2.1', '2024-09-16'),
(5, '198.51.100.1', '2024-09-17'),
(6, '203.0.113.1', '2024-10-18'),
(7, '192.168.0.1', '2024-10-19'),
(8, '10.10.10.1', '2024-10-20'),
(9, '172.31.0.1', '2024-10-21'),
(10, '198.18.0.1', '2024-10-22'),
(11, '203.0.113.2', '2024-11-23'),
(12, '192.168.0.2', '2024-11-24'),
(13, '10.10.10.2', '2024-11-25'),
(14, '172.31.0.2', '2024-11-26'),
(15, '198.18.0.2', '2024-11-27'),
(16, '203.0.113.3', '2024-12-28'),
(17, '192.168.0.3', '2024-12-29'),
(18, '10.10.10.3', '2024-12-30'),
(19, '172.31.0.3', '2024-12-31'),
(20, '198.18.0.3', '2024-12-01'),
(21, '203.0.113.4', '2024-12-02'),
(22, '192.168.0.4', '2024-12-03'),
(23, '10.10.10.4', '2024-12-04'),
(24, '172.31.0.4', '2024-12-05'),
(25, '198.18.0.4', '2024-12-06');

--
-- Chỉ mục cho các bảng đã đổ
--

--
-- Chỉ mục cho bảng `account`
--
ALTER TABLE `account`
  ADD PRIMARY KEY (`account_id`);

--
-- Chỉ mục cho bảng `cart`
--
ALTER TABLE `cart`
  ADD PRIMARY KEY (`cart_id`),
  ADD KEY `event_id` (`event_id`),
  ADD KEY `account_id` (`account_id`);

--
-- Chỉ mục cho bảng `cart_detail`
--
ALTER TABLE `cart_detail`
  ADD PRIMARY KEY (`cart_id`,`court_schedule_id`),
  ADD KEY `court_schedule_id` (`court_schedule_id`);

--
-- Chỉ mục cho bảng `cart_service_detail`
--
ALTER TABLE `cart_service_detail`
  ADD PRIMARY KEY (`cart_id`,`court_schedule_id`,`service_id`),
  ADD KEY `court_schedule_id` (`court_schedule_id`),
  ADD KEY `service_id` (`service_id`);

--
-- Chỉ mục cho bảng `comment`
--
ALTER TABLE `comment`
  ADD PRIMARY KEY (`comment_id`),
  ADD KEY `court_id` (`court_id`),
  ADD KEY `account_id` (`account_id`);

--
-- Chỉ mục cho bảng `court`
--
ALTER TABLE `court`
  ADD PRIMARY KEY (`court_id`),
  ADD KEY `court_type_id` (`court_type_id`),
  ADD KEY `account_id` (`account_id`);

--
-- Chỉ mục cho bảng `court_image`
--
ALTER TABLE `court_image`
  ADD PRIMARY KEY (`court_image_id`),
  ADD KEY `court_id` (`court_id`);

--
-- Chỉ mục cho bảng `court_order`
--
ALTER TABLE `court_order`
  ADD PRIMARY KEY (`court_order_id`),
  ADD KEY `event_id` (`event_id`),
  ADD KEY `customer_account_id` (`customer_account_id`);

--
-- Chỉ mục cho bảng `court_price`
--
ALTER TABLE `court_price`
  ADD PRIMARY KEY (`court_price_id`),
  ADD KEY `court_id` (`court_id`);

--
-- Chỉ mục cho bảng `court_schedule`
--
ALTER TABLE `court_schedule`
  ADD PRIMARY KEY (`court_schedule_id`),
  ADD KEY `court_id` (`court_id`),
  ADD KEY `account_id` (`account_id`);

--
-- Chỉ mục cho bảng `court_type`
--
ALTER TABLE `court_type`
  ADD PRIMARY KEY (`court_type_id`),
  ADD KEY `account_id` (`account_id`);

--
-- Chỉ mục cho bảng `customer`
--
ALTER TABLE `customer`
  ADD PRIMARY KEY (`customer_id`),
  ADD KEY `account_id` (`account_id`);

--
-- Chỉ mục cho bảng `order_service_detail`
--
ALTER TABLE `order_service_detail`
  ADD PRIMARY KEY (`court_order_id`,`service_id`),
  ADD KEY `service_id` (`service_id`);

--
-- Chỉ mục cho bảng `respond`
--
ALTER TABLE `respond`
  ADD PRIMARY KEY (`respond_id`),
  ADD KEY `comment_id` (`comment_id`),
  ADD KEY `respond_respond_id` (`respond_respond_id`),
  ADD KEY `account_id` (`account_id`);

--
-- Chỉ mục cho bảng `review`
--
ALTER TABLE `review`
  ADD PRIMARY KEY (`review_id`),
  ADD KEY `court_schedule_id` (`court_schedule_id`),
  ADD KEY `account_id` (`account_id`);

--
-- Chỉ mục cho bảng `service`
--
ALTER TABLE `service`
  ADD PRIMARY KEY (`service_id`),
  ADD KEY `court_type_id` (`court_type_id`),
  ADD KEY `account_id` (`account_id`);

--
-- Chỉ mục cho bảng `sport_hub_event`
--
ALTER TABLE `sport_hub_event`
  ADD PRIMARY KEY (`event_id`),
  ADD KEY `account_id` (`account_id`);

--
-- AUTO_INCREMENT cho các bảng đã đổ
--

--
-- AUTO_INCREMENT cho bảng `account`
--
ALTER TABLE `account`
  MODIFY `account_id` int(11) NOT NULL AUTO_INCREMENT, AUTO_INCREMENT=10;

--
-- AUTO_INCREMENT cho bảng `cart`
--
ALTER TABLE `cart`
  MODIFY `cart_id` int(11) NOT NULL AUTO_INCREMENT, AUTO_INCREMENT=9;

--
-- AUTO_INCREMENT cho bảng `comment`
--
ALTER TABLE `comment`
  MODIFY `comment_id` int(11) NOT NULL AUTO_INCREMENT, AUTO_INCREMENT=31;

--
-- AUTO_INCREMENT cho bảng `court`
--
ALTER TABLE `court`
  MODIFY `court_id` int(11) NOT NULL AUTO_INCREMENT, AUTO_INCREMENT=18;

--
-- AUTO_INCREMENT cho bảng `court_image`
--
ALTER TABLE `court_image`
  MODIFY `court_image_id` int(11) NOT NULL AUTO_INCREMENT, AUTO_INCREMENT=52;

--
-- AUTO_INCREMENT cho bảng `court_order`
--
ALTER TABLE `court_order`
  MODIFY `court_order_id` int(11) NOT NULL AUTO_INCREMENT, AUTO_INCREMENT=29;

--
-- AUTO_INCREMENT cho bảng `court_price`
--
ALTER TABLE `court_price`
  MODIFY `court_price_id` int(11) NOT NULL AUTO_INCREMENT, AUTO_INCREMENT=56;

--
-- AUTO_INCREMENT cho bảng `court_schedule`
--
ALTER TABLE `court_schedule`
  MODIFY `court_schedule_id` int(11) NOT NULL AUTO_INCREMENT, AUTO_INCREMENT=385;

--
-- AUTO_INCREMENT cho bảng `court_type`
--
ALTER TABLE `court_type`
  MODIFY `court_type_id` int(11) NOT NULL AUTO_INCREMENT, AUTO_INCREMENT=6;

--
-- AUTO_INCREMENT cho bảng `customer`
--
ALTER TABLE `customer`
  MODIFY `customer_id` int(11) NOT NULL AUTO_INCREMENT, AUTO_INCREMENT=9;

--
-- AUTO_INCREMENT cho bảng `respond`
--
ALTER TABLE `respond`
  MODIFY `respond_id` int(11) NOT NULL AUTO_INCREMENT, AUTO_INCREMENT=18;

--
-- AUTO_INCREMENT cho bảng `review`
--
ALTER TABLE `review`
  MODIFY `review_id` int(11) NOT NULL AUTO_INCREMENT, AUTO_INCREMENT=21;

--
-- AUTO_INCREMENT cho bảng `service`
--
ALTER TABLE `service`
  MODIFY `service_id` int(11) NOT NULL AUTO_INCREMENT, AUTO_INCREMENT=33;

--
-- AUTO_INCREMENT cho bảng `sport_hub_event`
--
ALTER TABLE `sport_hub_event`
  MODIFY `event_id` int(11) NOT NULL AUTO_INCREMENT, AUTO_INCREMENT=7;

--
-- Các ràng buộc cho các bảng đã đổ
--

--
-- Các ràng buộc cho bảng `cart`
--
ALTER TABLE `cart`
  ADD CONSTRAINT `cart_ibfk_1` FOREIGN KEY (`event_id`) REFERENCES `sport_hub_event` (`event_id`),
  ADD CONSTRAINT `cart_ibfk_2` FOREIGN KEY (`account_id`) REFERENCES `account` (`account_id`);

--
-- Các ràng buộc cho bảng `cart_detail`
--
ALTER TABLE `cart_detail`
  ADD CONSTRAINT `cart_detail_ibfk_1` FOREIGN KEY (`cart_id`) REFERENCES `cart` (`cart_id`),
  ADD CONSTRAINT `cart_detail_ibfk_2` FOREIGN KEY (`court_schedule_id`) REFERENCES `court_schedule` (`court_schedule_id`);

--
-- Các ràng buộc cho bảng `cart_service_detail`
--
ALTER TABLE `cart_service_detail`
  ADD CONSTRAINT `cart_service_detail_ibfk_1` FOREIGN KEY (`cart_id`) REFERENCES `cart` (`cart_id`),
  ADD CONSTRAINT `cart_service_detail_ibfk_2` FOREIGN KEY (`court_schedule_id`) REFERENCES `court_schedule` (`court_schedule_id`),
  ADD CONSTRAINT `cart_service_detail_ibfk_3` FOREIGN KEY (`service_id`) REFERENCES `service` (`service_id`);

--
-- Các ràng buộc cho bảng `comment`
--
ALTER TABLE `comment`
  ADD CONSTRAINT `comment_ibfk_1` FOREIGN KEY (`court_id`) REFERENCES `court` (`court_id`),
  ADD CONSTRAINT `comment_ibfk_2` FOREIGN KEY (`account_id`) REFERENCES `account` (`account_id`);

--
-- Các ràng buộc cho bảng `court`
--
ALTER TABLE `court`
  ADD CONSTRAINT `court_ibfk_1` FOREIGN KEY (`court_type_id`) REFERENCES `court_type` (`court_type_id`),
  ADD CONSTRAINT `court_ibfk_2` FOREIGN KEY (`account_id`) REFERENCES `account` (`account_id`);

--
-- Các ràng buộc cho bảng `court_image`
--
ALTER TABLE `court_image`
  ADD CONSTRAINT `court_image_ibfk_1` FOREIGN KEY (`court_id`) REFERENCES `court` (`court_id`);

--
-- Các ràng buộc cho bảng `court_order`
--
ALTER TABLE `court_order`
  ADD CONSTRAINT `court_order_ibfk_1` FOREIGN KEY (`event_id`) REFERENCES `sport_hub_event` (`event_id`),
  ADD CONSTRAINT `court_order_ibfk_2` FOREIGN KEY (`customer_account_id`) REFERENCES `account` (`account_id`);

--
-- Các ràng buộc cho bảng `court_price`
--
ALTER TABLE `court_price`
  ADD CONSTRAINT `court_price_ibfk_1` FOREIGN KEY (`court_id`) REFERENCES `court` (`court_id`);

--
-- Các ràng buộc cho bảng `court_schedule`
--
ALTER TABLE `court_schedule`
  ADD CONSTRAINT `court_schedule_ibfk_1` FOREIGN KEY (`court_id`) REFERENCES `court` (`court_id`),
  ADD CONSTRAINT `court_schedule_ibfk_2` FOREIGN KEY (`account_id`) REFERENCES `account` (`account_id`);

--
-- Các ràng buộc cho bảng `court_type`
--
ALTER TABLE `court_type`
  ADD CONSTRAINT `court_type_ibfk_1` FOREIGN KEY (`account_id`) REFERENCES `account` (`account_id`);

--
-- Các ràng buộc cho bảng `customer`
--
ALTER TABLE `customer`
  ADD CONSTRAINT `customer_ibfk_1` FOREIGN KEY (`account_id`) REFERENCES `account` (`account_id`);

--
-- Các ràng buộc cho bảng `order_service_detail`
--
ALTER TABLE `order_service_detail`
  ADD CONSTRAINT `order_service_detail_ibfk_1` FOREIGN KEY (`court_order_id`) REFERENCES `court_order` (`court_order_id`),
  ADD CONSTRAINT `order_service_detail_ibfk_2` FOREIGN KEY (`service_id`) REFERENCES `service` (`service_id`);

--
-- Các ràng buộc cho bảng `respond`
--
ALTER TABLE `respond`
  ADD CONSTRAINT `respond_ibfk_1` FOREIGN KEY (`comment_id`) REFERENCES `comment` (`comment_id`),
  ADD CONSTRAINT `respond_ibfk_2` FOREIGN KEY (`respond_respond_id`) REFERENCES `respond` (`respond_id`),
  ADD CONSTRAINT `respond_ibfk_3` FOREIGN KEY (`account_id`) REFERENCES `account` (`account_id`);

--
-- Các ràng buộc cho bảng `review`
--
ALTER TABLE `review`
  ADD CONSTRAINT `review_ibfk_1` FOREIGN KEY (`court_schedule_id`) REFERENCES `court_schedule` (`court_schedule_id`),
  ADD CONSTRAINT `review_ibfk_2` FOREIGN KEY (`account_id`) REFERENCES `account` (`account_id`);

--
-- Các ràng buộc cho bảng `service`
--
ALTER TABLE `service`
  ADD CONSTRAINT `service_ibfk_1` FOREIGN KEY (`court_type_id`) REFERENCES `court_type` (`court_type_id`),
  ADD CONSTRAINT `service_ibfk_2` FOREIGN KEY (`account_id`) REFERENCES `account` (`account_id`);

--
-- Các ràng buộc cho bảng `sport_hub_event`
--
ALTER TABLE `sport_hub_event`
  ADD CONSTRAINT `sport_hub_event_ibfk_1` FOREIGN KEY (`account_id`) REFERENCES `account` (`account_id`);
COMMIT;

/*!40101 SET CHARACTER_SET_CLIENT=@OLD_CHARACTER_SET_CLIENT */;
/*!40101 SET CHARACTER_SET_RESULTS=@OLD_CHARACTER_SET_RESULTS */;
/*!40101 SET COLLATION_CONNECTION=@OLD_COLLATION_CONNECTION */;
